12,11,11,6,1,1,1,0,0,0,0,0,0,0,0,0,0,0,0,0,0,0,0,0,0,0,0,0,0,0,0,0,0,0,0,0,0,0,0,0,0,0,0,0,0,0,0,0,0,0,0,0,0,0,0,0,0,0,0,0,0,0,0,0,0,0,0,0,0,0,0,0,0,0,0,0,0,0,0,0,0,0,0,0,0,0,0,0,0,0,0,0,0,0,0,0,0,0,0,0,0,0,0,0,0,0,0,0,0,0,0,0,0,0,0,0,0,0,0,0,0,0,0,0,0,0,0,0,0,0,3,5,12,21,31,42,59,75,100,130,155,183,204,246,280,316,345,373,394,422,450,471,498,553,571,610,625,649,657,672,706,715,740,744,753,767,778,794,805,812,821,827,833,845,857,862,871,882,886,892,898,902,905,910,913,919,921,924,925,927,929,931,932,936,939,940,941,942,947,949
12,11,11,10,1,1,1,0,0,0,0,0,0,0,0,0,0,0,0,0,0,0,0,0,0,0,0,0,0,0,0,0,0,0,0,0,0,0,0,0,0,0,0,0,0,0,0,0,0,0,0,0,0,0,0,0,0,0,0,0,0,0,0,0,0,0,0,0,0,0,0,0,0,0,0,0,0,0,0,0,0,0,0,0,0,0,0,0,0,0,0,0,0,0,0,0,0,0,0,0,0,0,0,0,0,0,0,0,0,0,0,0,0,0,0,0,0,0,0,0,0,0,0,0,0,0,0,0,0,1,1,2,4,13,23,31,47,64,81,105,118,155,189,213,241,271,299,328,365,388,416,453,490,521,556,569,610,621,654,663,696,716,734,742,750,764,772,779,791,802,815,827,836,843,854,862,866,871,875,883,888,894,900,904,908,911,919,922,927,931,932,935,936,937,939,942,942,945,950,953
12,11,10,2,1,1,1,0,0,0,0,0,0,0,0,0,0,0,0,0,0,0,0,0,0,0,0,0,0,0,0,0,0,0,0,0,0,0,0,0,0,0,0,0,0,0,0,0,0,0,0,0,0,0,0,0,0,0,0,0,0,0,0,0,0,0,0,0,0,0,0,0,0,0,0,0,0,0,0,0,0,0,0,0,0,0,0,0,0,0,0,0,0,0,0,0,0,0,0,0,0,0,0,0,0,0,0,0,0,0,0,0,0,0,0,0,0,0,0,0,0,0,0,0,0,0,0,0,0,2,4,6,12,21,34,49,72,94,112,140,166,192,223,252,291,317,341,368,401,424,450,476,520,541,600,613,647,657,681,686,715,723,737,749,761,782,791,798,807,815,823,834,843,853,859,869,872,880,884,892,895,902,911,912,916,921,922,924,927,929,932,936,938,938,941,942,942,945,947,947
12,11,11,10,3,1,1,0,0,0,0,0,0,0,0,0,0,0,0,0,0,0,0,0,0,0,0,0,0,0,0,0,0,0,0,0,0,0,0,0,0,0,0,0,0,0,0,0,0,0,0,0,0,0,0,0,0,0,0,0,0,0,0,0,0,0,0,0,0,0,0,0,0,0,0,0,0,0,0,0,0,0,0,0,0,0,0,0,0,0,0,0,0,0,0,0,0,0,0,0,0,0,0,0,0,0,0,0,0,0,0,0,0,0,0,0,0,0,0,0,0,0,0,0,0,0,0,0,0,2,2,5,8,12,21,37,52,64,81,106,135,163,202,245,271,309,340,369,404,427,460,483,514,528,566,579,610,633,669,673,681,710,714,736,748,760,776,791,801,816,823,833,838,845,852,857,868,870,878,885,892,898,902,908,910,913,913,921,924,927,930,932,935,937,937,940,943,945,947,947
12,11,11,4,1,1,0,0,0,0,0,0,0,0,0,0,0,0,0,0,0,0,0,0,0,0,0,0,0,0,0,0,0,0,0,0,0,0,0,0,0,0,0,0,0,0,0,0,0,0,0,0,0,0,0,0,0,0,0,0,0,0,0,0,0,0,0,0,0,0,0,0,0,0,0,0,0,0,0,0,0,0,0,0,0,0,0,0,0,0,0,0,0,0,0,0,0,0,0,0,0,0,0,0,0,0,0,0,0,0,0,0,0,0,0,0,0,0,0,0,0,0,0,0,0,0,0,1,2,4,6,7,11,17,27,35,61,76,91,118,146,173,196,232,264,293,329,357,390,419,439,462,477,501,548,561,598,616,655,664,705,716,732,748,755,763,776,790,798,820,824,839,844,850,858,866,869,874,883,890,895,903,908,909,914,918,922,924,928,933,934,936,937,938,940,941,941,943,944,950
12,11,5,2,1,1,0,0,0,0,0,0,0,0,0,0,0,0,0,0,0,0,0,0,0,0,0,0,0,0,0,0,0,0,0,0,0,0,0,0,0,0,0,0,0,0,0,0,0,0,0,0,0,0,0,0,0,0,0,0,0,0,0,0,0,0,0,0,0,0,0,0,0,0,0,0,0,0,0,0,0,0,0,0,0,0,0,0,0,0,0,0,0,0,0,0,0,0,0,0,0,0,0,0,0,0,0,0,0,0,0,0,0,0,0,0,0,0,0,0,0,0,0,0,0,0,0,0,1,4,6,12,22,29,45,67,91,116,137,167,192,223,246,267,299,334,366,401,437,458,480,522,538,553,596,610,640,646,678,685,718,722,740,749,761,773,789,799,811,816,823,834,843,850,861,867,876,886,892,895,900,907,911,913,915,918,922,925,927,929,930,934,936,938,940,941,942,942,945,945
12,11,8,4,1,1,0,0,0,0,0,0,0,0,0,0,0,0,0,0,0,0,0,0,0,0,0,0,0,0,0,0,0,0,0,0,0,0,0,0,0,0,0,0,0,0,0,0,0,0,0,0,0,0,0,0,0,0,0,0,0,0,0,0,0,0,0,0,0,0,0,0,0,0,0,0,0,0,0,0,0,0,0,0,0,0,0,0,0,0,0,0,0,0,0,0,0,0,0,0,0,0,0,0,0,0,0,0,0,0,0,0,0,0,0,0,0,0,0,0,0,0,0,0,0,0,1,1,1,1,6,14,19,23,38,54,75,89,113,135,166,189,213,242,281,313,342,370,389,422,454,484,511,530,572,583,619,637,666,680,701,707,735,744,756,770,783,799,815,826,835,842,847,853,865,871,877,881,886,890,894,899,903,905,908,910,915,916,918,923,924,926,931,936,942,947,949,952,953,953
12,11,9,4,1,1,1,1,0,0,0,0,0,0,0,0,0,0,0,0,0,0,0,0,0,0,0,0,0,0,0,0,0,0,0,0,0,0,0,0,0,0,0,0,0,0,0,0,0,0,0,0,0,0,0,0,0,0,0,0,0,0,0,0,0,0,0,0,0,0,0,0,0,0,0,0,0,0,0,0,0,0,0,0,0,0,0,0,0,0,0,0,0,0,0,0,0,0,0,0,0,0,0,0,0,0,0,0,0,0,0,0,0,0,0,0,0,0,0,0,0,0,0,0,0,0,0,0,0,1,5,7,13,21,35,46,65,88,115,139,160,190,222,252,288,300,338,373,410,438,465,490,529,544,568,601,611,644,658,697,714,746,749,760,767,782,791,806,815,829,838,847,860,864,869,871,877,880,886,892,900,905,912,915,916,921,925,928,930,932,934,939,940,943,943,945,946,949,949,949
12,11,10,9,1,1,0,0,0,0,0,0,0,0,0,0,0,0,0,0,0,0,0,0,0,0,0,0,0,0,0,0,0,0,0,0,0,0,0,0,0,0,0,0,0,0,0,0,0,0,0,0,0,0,0,0,0,0,0,0,0,0,0,0,0,0,0,0,0,0,0,0,0,0,0,0,0,0,0,0,0,0,0,0,0,0,0,0,0,0,0,0,0,0,0,0,0,0,0,0,0,0,0,0,0,0,0,0,0,0,0,0,0,0,0,0,0,0,0,0,0,0,0,0,0,0,0,2,3,5,7,8,12,20,28,39,56,77,102,122,151,177,198,226,247,287,318,366,384,410,444,477,503,553,562,586,623,633,661,672,711,719,744,755,765,774,785,790,798,809,820,831,840,845,856,865,870,875,881,889,890,897,901,903,908,909,912,914,918,922,925,927,929,932,933,934,934,934,936,938
12,11,7,2,1,1,0,0,0,0,0,0,0,0,0,0,0,0,0,0,0,0,0,0,0,0,0,0,0,0,0,0,0,0,0,0,0,0,0,0,0,0,0,0,0,0,0,0,0,0,0,0,0,0,0,0,0,0,0,0,0,0,0,0,0,0,0,0,0,0,0,0,0,0,0,0,0,0,0,0,0,0,0,0,0,0,0,0,0,0,0,0,0,0,0,0,0,0,0,0,0,0,0,0,0,0,0,0,0,0,0,0,0,0,0,0,0,0,0,0,0,0,0,0,0,0,0,1,1,2,4,9,16,27,44,59,76,93,121,142,175,205,244,277,300,327,358,397,426,445,473,502,552,566,606,621,650,663,694,698,725,733,750,756,768,776,787,797,802,816,824,831,841,851,858,865,868,875,883,890,896,901,908,911,914,918,920,926,928,931,935,937,939,939,940,941,942,943,945,948
12,11,11,6,1,1,1,0,0,0,0,0,0,0,0,0,0,0,0,0,0,0,0,0,0,0,0,0,0,0,0,0,0,0,0,0,0,0,0,0,0,0,0,0,0,0,0,0,0,0,0,0,0,0,0,0,0,0,0,0,0,0,0,0,0,0,0,0,0,0,0,0,0,0,0,0,0,0,0,0,0,0,0,0,0,0,0,0,0,0,0,0,0,0,0,0,0,0,0,0,0,0,0,0,0,0,0,0,0,0,0,0,0,0,0,0,0,0,0,0,0,0,0,0,0,0,0,1,1,2,4,7,11,20,32,46,65,84,106,131,150,174,208,235,264,290,320,349,390,423,453,476,502,542,555,597,606,632,637,670,681,713,721,743,756,772,785,794,805,814,822,832,841,847,854,858,871,882,885,889,892,894,901,905,914,916,919,923,928,932,936,938,940,940,940,941,943,945,946,949
12,11,11,8,3,1,1,0,0,0,0,0,0,0,0,0,0,0,0,0,0,0,0,0,0,0,0,0,0,0,0,0,0,0,0,0,0,0,0,0,0,0,0,0,0,0,0,0,0,0,0,0,0,0,0,0,0,0,0,0,0,0,0,0,0,0,0,0,0,0,0,0,0,0,0,0,0,0,0,0,0,0,0,0,0,0,0,0,0,0,0,0,0,0,0,0,0,0,0,0,0,0,0,0,0,0,0,0,0,0,0,0,0,0,0,0,0,0,0,0,0,0,0,0,0,0,0,0,1,2,3,9,15,25,33,48,58,81,100,127,156,188,218,249,273,309,338,371,399,430,456,492,541,560,577,623,635,647,689,696,726,748,755,760,768,778,788,798,808,813,827,833,842,850,855,866,869,875,879,882,887,892,901,908,910,910,913,916,920,920,929,932,933,940,941,941,942,943,945,947
12,11,11,7,1,1,0,0,0,0,0,0,0,0,0,0,0,0,0,0,0,0,0,0,0,0,0,0,0,0,0,0,0,0,0,0,0,0,0,0,0,0,0,0,0,0,0,0,0,0,0,0,0,0,0,0,0,0,0,0,0,0,0,0,0,0,0,0,0,0,0,0,0,0,0,0,0,0,0,0,0,0,0,0,0,0,0,0,0,0,0,0,0,0,0,0,0,0,0,0,0,0,0,0,0,0,0,0,0,0,0,0,0,0,0,0,0,0,0,0,0,0,0,0,0,0,0,0,1,2,3,4,11,15,27,39,54,76,99,125,151,172,200,228,264,288,317,348,385,415,442,466,495,519,557,571,615,626,656,676,703,711,737,751,757,766,777,789,799,813,827,835,841,848,854,864,866,875,883,888,895,902,908,917,917,919,922,925,928,928,930,932,938,939,941,945,945,948,949,950
12,11,11,5,1,1,1,0,0,0,0,0,0,0,0,0,0,0,0,0,0,0,0,0,0,0,0,0,0,0,0,0,0,0,0,0,0,0,0,0,0,0,0,0,0,0,0,0,0,0,0,0,0,0,0,0,0,0,0,0,0,0,0,0,0,0,0,0,0,0,0,0,0,0,0,0,0,0,0,0,0,0,0,0,0,0,0,0,0,0,0,0,0,0,0,0,0,0,0,0,0,0,0,0,0,0,0,0,0,0,0,0,0,0,0,0,0,0,0,0,0,0,0,0,0,0,0,1,1,5,5,11,18,26,34,44,54,79,106,131,153,166,196,234,264,303,347,383,400,439,477,508,538,577,593,619,629,662,675,699,722,755,763,764,777,787,796,804,816,824,837,846,856,861,868,870,878,887,892,894,899,906,910,914,918,923,928,933,933,936,939,939,941,942,942,944,946,947,948,949
12,11,11,7,1,1,1,0,0,0,0,0,0,0,0,0,0,0,0,0,0,0,0,0,0,0,0,0,0,0,0,0,0,0,0,0,0,0,0,0,0,0,0,0,0,0,0,0,0,0,0,0,0,0,0,0,0,0,0,0,0,0,0,0,0,0,0,0,0,0,0,0,0,0,0,0,0,0,0,0,0,0,0,0,0,0,0,0,0,0,0,0,0,0,0,0,0,0,0,0,0,0,0,0,0,0,0,0,0,0,0,0,0,0,0,0,0,0,0,0,0,0,0,0,0,0,0,0,0,5,8,13,17,24,40,54,70,81,100,122,146,171,199,239,274,301,332,367,396,424,465,494,520,569,589,622,632,669,675,701,708,748,752,761,776,785,792,805,812,825,833,843,851,854,861,866,872,880,888,896,903,905,907,911,916,920,923,926,931,933,935,938,938,939,943,947,949,950,950,950
12,11,11,7,1,1,1,1,0,0,0,0,0,0,0,0,0,0,0,0,0,0,0,0,0,0,0,0,0,0,0,0,0,0,0,0,0,0,0,0,0,0,0,0,0,0,0,0,0,0,0,0,0,0,0,0,0,0,0,0,0,0,0,0,0,0,0,0,0,0,0,0,0,0,0,0,0,0,0,0,0,0,0,0,0,0,0,0,0,0,0,0,0,0,0,0,0,0,0,0,0,0,0,0,0,0,0,0,0,0,0,0,0,0,0,0,0,0,0,0,0,0,0,0,0,0,0,0,2,2,2,7,12,22,31,36,50,70,95,117,151,177,202,232,266,292,319,347,372,399,433,462,490,519,569,586,630,639,666,679,714,718,746,753,758,772,781,794,800,812,819,831,837,843,850,857,864,873,878,884,890,894,898,905,912,913,916,921,924,925,928,935,939,943,944,945,945,947,948,949
12,11,11,4,1,1,1,1,0,0,0,0,0,0,0,0,0,0,0,0,0,0,0,0,0,0,0,0,0,0,0,0,0,0,0,0,0,0,0,0,0,0,0,0,0,0,0,0,0,0,0,0,0,0,0,0,0,0,0,0,0,0,0,0,0,0,0,0,0,0,0,0,0,0,0,0,0,0,0,0,0,0,0,0,0,0,0,0,0,0,0,0,0,0,0,0,0,0,0,0,0,0,0,0,0,0,0,0,0,0,0,0,0,0,0,0,0,0,0,0,0,0,0,0,0,0,0,0,0,2,3,6,11,16,33,49,75,99,120,140,162,184,211,239,271,294,327,361,396,427,451,482,502,551,566,594,605,646,661,691,699,735,749,758,766,777,792,801,809,821,829,837,849,860,867,870,876,884,888,891,897,901,906,910,913,920,922,923,928,932,934,935,937,937,940,940,940,943,946,947
12,11,11,5,2,1,1,0,0,0,0,0,0,0,0,0,0,0,0,0,0,0,0,0,0,0,0,0,0,0,0,0,0,0,0,0,0,0,0,0,0,0,0,0,0,0,0,0,0,0,0,0,0,0,0,0,0,0,0,0,0,0,0,0,0,0,0,0,0,0,0,0,0,0,0,0,0,0,0,0,0,0,0,0,0,0,0,0,0,0,0,0,0,0,0,0,0,0,0,0,0,0,0,0,0,0,0,0,0,0,0,0,0,0,0,0,0,0,0,0,0,0,0,0,0,0,0,0,0,2,2,5,15,22,28,39,54,79,108,133,156,187,220,248,269,299,331,362,395,423,450,479,508,535,574,591,605,637,644,684,694,723,746,753,761,772,784,790,807,814,822,829,840,847,854,861,870,877,883,892,894,898,903,911,912,915,917,925,929,931,931,933,935,936,938,943,945,946,947,948
12,11,11,6,1,1,1,1,0,0,0,0,0,0,0,0,0,0,0,0,0,0,0,0,0,0,0,0,0,0,0,0,0,0,0,0,0,0,0,0,0,0,0,0,0,0,0,0,0,0,0,0,0,0,0,0,0,0,0,0,0,0,0,0,0,0,0,0,0,0,0,0,0,0,0,0,0,0,0,0,0,0,0,0,0,0,0,0,0,0,0,0,0,0,0,0,0,0,0,0,0,0,0,0,0,0,0,0,0,0,0,0,0,0,0,0,0,0,0,0,0,0,0,0,0,0,0,0,2,5,7,11,15,27,42,64,79,94,122,140,161,190,213,244,276,302,326,355,389,421,440,464,495,529,581,596,628,634,661,677,715,725,744,750,761,777,788,802,812,828,833,839,845,854,864,870,879,885,889,897,905,910,915,918,925,928,928,929,936,939,943,943,943,944,945,946,947,948,948,950
12,11,10,3,1,1,0,0,0,0,0,0,0,0,0,0,0,0,0,0,0,0,0,0,0,0,0,0,0,0,0,0,0,0,0,0,0,0,0,0,0,0,0,0,0,0,0,0,0,0,0,0,0,0,0,0,0,0,0,0,0,0,0,0,0,0,0,0,0,0,0,0,0,0,0,0,0,0,0,0,0,0,0,0,0,0,0,0,0,0,0,0,0,0,0,0,0,0,0,0,0,0,0,0,0,0,0,0,0,0,0,0,0,0,0,0,0,0,0,0,0,0,0,0,0,1,1,1,1,5,9,15,20,30,42,62,80,103,122,148,176,207,241,269,304,335,358,398,425,450,481,505,553,565,598,608,651,661,672,700,706,737,749,761,772,780,794,804,816,824,834,845,852,860,866,873,880,882,891,894,898,905,910,917,921,921,925,927,929,934,940,943,944,944,944,945,946,948,951,956
12,11,10,5,1,1,1,0,0,0,0,0,0,0,0,0,0,0,0,0,0,0,0,0,0,0,0,0,0,0,0,0,0,0,0,0,0,0,0,0,0,0,0,0,0,0,0,0,0,0,0,0,0,0,0,0,0,0,0,0,0,0,0,0,0,0,0,0,0,0,0,0,0,0,0,0,0,0,0,0,0,0,0,0,0,0,0,0,0,0,0,0,0,0,0,0,0,0,0,0,0,0,0,0,0,0,0,0,0,0,0,0,0,0,0,0,0,0,0,0,0,0,0,0,0,0,0,0,0,0,0,4,7,14,25,41,60,79,95,125,160,191,219,246,275,321,343,370,408,431,458,482,507,550,566,598,609,648,660,687,696,729,753,758,768,781,791,799,808,819,827,835,842,858,869,873,879,887,894,898,901,904,907,912,915,919,921,925,929,933,938,939,941,945,947,947,947,948,952,955
12,11,10,2,1,1,1,0,0,0,0,0,0,0,0,0,0,0,0,0,0,0,0,0,0,0,0,0,0,0,0,0,0,0,0,0,0,0,0,0,0,0,0,0,0,0,0,0,0,0,0,0,0,0,0,0,0,0,0,0,0,0,0,0,0,0,0,0,0,0,0,0,0,0,0,0,0,0,0,0,0,0,0,0,0,0,0,0,0,0,0,0,0,0,0,0,0,0,0,0,0,0,0,0,0,0,0,0,0,0,0,0,0,0,0,0,0,0,0,0,0,0,0,0,0,0,0,0,1,2,4,9,12,24,37,53,67,89,107,138,166,200,241,269,301,328,347,382,412,443,470,504,518,552,569,609,625,652,661,689,700,725,741,746,752,766,776,796,803,815,818,827,838,849,857,863,870,875,882,892,898,901,905,909,914,918,924,930,932,937,940,940,941,945,947,948,949,952,954,957
12,11,11,8,1,1,1,1,0,0,0,0,0,0,0,0,0,0,0,0,0,0,0,0,0,0,0,0,0,0,0,0,0,0,0,0,0,0,0,0,0,0,0,0,0,0,0,0,0,0,0,0,0,0,0,0,0,0,0,0,0,0,0,0,0,0,0,0,0,0,0,0,0,0,0,0,0,0,0,0,0,0,0,0,0,0,0,0,0,0,0,0,0,0,0,0,0,0,0,0,0,0,0,0,0,0,0,0,0,0,0,0,0,0,0,0,0,0,0,0,0,0,0,0,0,0,0,0,0,1,6,9,13,19,25,39,54,75,94,110,130,154,175,201,230,257,283,327,353,388,422,458,486,516,559,580,613,627,663,669,699,706,733,744,745,753,766,775,789,803,812,826,836,848,858,861,868,876,885,888,899,902,909,911,915,917,920,922,928,931,935,938,942,944,944,944,946,949,951,952
12,11,11,7,1,1,1,0,0,0,0,0,0,0,0,0,0,0,0,0,0,0,0,0,0,0,0,0,0,0,0,0,0,0,0,0,0,0,0,0,0,0,0,0,0,0,0,0,0,0,0,0,0,0,0,0,0,0,0,0,0,0,0,0,0,0,0,0,0,0,0,0,0,0,0,0,0,0,0,0,0,0,0,0,0,0,0,0,0,0,0,0,0,0,0,0,0,0,0,0,0,0,0,0,0,0,0,0,0,0,0,0,0,0,0,0,0,0,0,0,0,0,0,0,0,0,0,0,0,1,5,8,12,14,25,37,48,64,77,103,122,152,188,224,246,277,307,342,385,424,456,471,496,540,560,583,595,634,645,676,689,718,723,740,748,762,771,783,792,801,817,832,839,849,854,866,871,877,886,889,894,896,901,905,908,913,915,922,926,930,933,936,937,940,945,948,949,951,952,954
12,11,7,3,1,1,0,0,0,0,0,0,0,0,0,0,0,0,0,0,0,0,0,0,0,0,0,0,0,0,0,0,0,0,0,0,0,0,0,0,0,0,0,0,0,0,0,0,0,0,0,0,0,0,0,0,0,0,0,0,0,0,0,0,0,0,0,0,0,0,0,0,0,0,0,0,0,0,0,0,0,0,0,0,0,0,0,0,0,0,0,0,0,0,0,0,0,0,0,0,0,0,0,0,0,0,0,0,0,0,0,0,0,0,0,0,0,0,0,0,0,0,0,0,0,0,0,0,0,4,7,11,23,30,39,61,90,118,145,169,193,215,247,280,310,338,367,397,427,456,484,531,551,585,597,622,636,663,675,701,711,741,747,751,762,774,792,800,808,819,828,835,842,849,859,869,879,887,889,893,895,899,905,906,908,912,918,923,925,927,930,933,933,935,939,939,940,943,944,947
12,11,10,2,1,1,0,0,0,0,0,0,0,0,0,0,0,0,0,0,0,0,0,0,0,0,0,0,0,0,0,0,0,0,0,0,0,0,0,0,0,0,0,0,0,0,0,0,0,0,0,0,0,0,0,0,0,0,0,0,0,0,0,0,0,0,0,0,0,0,0,0,0,0,0,0,0,0,0,0,0,0,0,0,0,0,0,0,0,0,0,0,0,0,0,0,0,0,0,0,0,0,0,0,0,0,0,0,0,0,0,0,0,0,0,0,0,0,0,0,0,0,0,0,0,0,1,1,2,2,3,7,10,19,35,51,72,93,125,151,171,199,235,268,300,337,369,385,419,443,471,494,512,552,564,597,609,648,668,708,714,745,758,761,768,781,795,804,817,825,835,848,856,866,870,873,877,884,892,898,905,909,914,915,916,920,925,929,931,933,935,937,942,944,944,945,948,951,951,952
12,11,10,2,1,1,0,0,0,0,0,0,0,0,0,0,0,0,0,0,0,0,0,0,0,0,0,0,0,0,0,0,0,0,0,0,0,0,0,0,0,0,0,0,0,0,0,0,0,0,0,0,0,0,0,0,0,0,0,0,0,0,0,0,0,0,0,0,0,0,0,0,0,0,0,0,0,0,0,0,0,0,0,0,0,0,0,0,0,0,0,0,0,0,0,0,0,0,0,0,0,0,0,0,0,0,0,0,0,0,0,0,0,0,0,0,0,0,0,0,0,0,0,0,0,0,0,0,1,3,6,6,11,19,36,47,68,85,107,129,157,192,222,258,283,310,342,370,396,424,459,484,519,556,568,608,619,652,661,694,703,723,729,735,746,757,770,781,793,799,814,828,833,839,847,855,858,866,872,879,884,888,895,900,906,910,916,923,925,927,928,931,933,934,938,939,942,943,943,943
12,11,11,4,1,1,0,0,0,0,0,0,0,0,0,0,0,0,0,0,0,0,0,0,0,0,0,0,0,0,0,0,0,0,0,0,0,0,0,0,0,0,0,0,0,0,0,0,0,0,0,0,0,0,0,0,0,0,0,0,0,0,0,0,0,0,0,0,0,0,0,0,0,0,0,0,0,0,0,0,0,0,0,0,0,0,0,0,0,0,0,0,0,0,0,0,0,0,0,0,0,0,0,0,0,0,0,0,0,0,0,0,0,0,0,0,0,0,0,0,0,0,0,0,0,0,0,0,0,2,4,7,13,21,37,51,68,94,124,138,154,180,216,244,275,302,325,352,392,414,444,467,502,542,557,594,605,642,649,678,685,713,721,746,753,759,765,772,787,799,814,825,838,847,859,867,872,878,882,885,891,895,900,905,908,912,915,920,920,923,932,934,937,937,938,939,941,943,948,949
12,11,8,2,1,1,0,0,0,0,0,0,0,0,0,0,0,0,0,0,0,0,0,0,0,0,0,0,0,0,0,0,0,0,0,0,0,0,0,0,0,0,0,0,0,0,0,0,0,0,0,0,0,0,0,0,0,0,0,0,0,0,0,0,0,0,0,0,0,0,0,0,0,0,0,0,0,0,0,0,0,0,0,0,0,0,0,0,0,0,0,0,0,0,0,0,0,0,0,0,0,0,0,0,0,0,0,0,0,0,0,0,0,0,0,0,0,0,0,0,0,0,0,0,0,0,0,0,1,4,8,10,17,26,38,59,70,89,109,131,158,191,231,266,290,315,344,371,397,430,461,492,546,555,601,610,651,659,703,706,733,737,746,752,764,775,788,799,809,816,826,833,843,848,852,861,867,876,882,888,894,900,904,906,909,916,922,924,927,930,932,932,934,939,939,940,943,945,946,947
12,11,11,5,1,1,1,1,0,0,0,0,0,0,0,0,0,0,0,0,0,0,0,0,0,0,0,0,0,0,0,0,0,0,0,0,0,0,0,0,0,0,0,0,0,0,0,0,0,0,0,0,0,0,0,0,0,0,0,0,0,0,0,0,0,0,0,0,0,0,0,0,0,0,0,0,0,0,0,0,0,0,0,0,0,0,0,0,0,0,0,0,0,0,0,0,0,0,0,0,0,0,0,0,0,0,0,0,0,0,0,0,0,0,0,0,0,0,0,0,0,0,0,0,0,0,0,0,0,2,5,6,11,15,25,38,52,71,95,120,145,164,198,220,254,287,314,344,371,400,433,467,490,534,549,572,612,625,656,663,690,701,734,741,744,752,762,776,787,803,815,823,832,837,849,857,868,874,881,887,892,898,905,906,910,916,918,924,928,928,931,936,940,941,944,945,946,949,950,951
12,11,11,5,1,1,1,1,0,0,0,0,0,0,0,0,0,0,0,0,0,0,0,0,0,0,0,0,0,0,0,0,0,0,0,0,0,0,0,0,0,0,0,0,0,0,0,0,0,0,0,0,0,0,0,0,0,0,0,0,0,0,0,0,0,0,0,0,0,0,0,0,0,0,0,0,0,0,0,0,0,0,0,0,0,0,0,0,0,0,0,0,0,0,0,0,0,0,0,0,0,0,0,0,0,0,0,0,0,0,0,0,0,0,0,0,0,0,0,0,0,0,0,0,0,0,0,0,0,1,3,5,11,22,31,50,65,84,112,143,163,198,219,255,285,317,344,376,401,435,463,483,517,524,542,572,612,630,661,670,698,703,736,741,753,765,782,798,808,818,826,834,844,852,861,867,879,882,887,892,900,904,909,910,912,914,915,920,925,926,927,930,934,935,940,942,944,946,949,952
12,11,10,6,1,1,0,0,0,0,0,0,0,0,0,0,0,0,0,0,0,0,0,0,0,0,0,0,0,0,0,0,0,0,0,0,0,0,0,0,0,0,0,0,0,0,0,0,0,0,0,0,0,0,0,0,0,0,0,0,0,0,0,0,0,0,0,0,0,0,0,0,0,0,0,0,0,0,0,0,0,0,0,0,0,0,0,0,0,0,0,0,0,0,0,0,0,0,0,0,0,0,0,0,0,0,0,0,0,0,0,0,0,0,0,0,0,0,0,0,0,0,0,0,0,0,0,0,0,0,0,5,11,20,31,44,65,87,105,130,161,183,211,238,275,304,323,350,380,405,437,458,476,504,537,548,588,604,641,657,689,712,729,750,756,773,783,792,805,816,828,836,841,848,856,864,870,875,878,883,887,891,896,898,900,907,912,912,920,924,928,932,935,939,942,945,946,947,948,950
12,11,10,3,1,1,1,0,0,0,0,0,0,0,0,0,0,0,0,0,0,0,0,0,0,0,0,0,0,0,0,0,0,0,0,0,0,0,0,0,0,0,0,0,0,0,0,0,0,0,0,0,0,0,0,0,0,0,0,0,0,0,0,0,0,0,0,0,0,0,0,0,0,0,0,0,0,0,0,0,0,0,0,0,0,0,0,0,0,0,0,0,0,0,0,0,0,0,0,0,0,0,0,0,0,0,0,0,0,0,0,0,0,0,0,0,0,0,0,0,0,0,0,0,0,0,0,0,2,2,3,6,11,22,31,45,61,87,111,134,156,185,222,241,276,303,333,364,392,419,455,481,510,563,571,610,617,654,661,698,706,727,753,759,765,777,784,797,805,815,828,841,851,860,866,873,878,887,891,897,899,903,908,921,926,930,932,932,935,937,939,942,943,945,948,952,954,955,955,956
12,11,11,2,1,1,0,0,0,0,0,0,0,0,0,0,0,0,0,0,0,0,0,0,0,0,0,0,0,0,0,0,0,0,0,0,0,0,0,0,0,0,0,0,0,0,0,0,0,0,0,0,0,0,0,0,0,0,0,0,0,0,0,0,0,0,0,0,0,0,0,0,0,0,0,0,0,0,0,0,0,0,0,0,0,0,0,0,0,0,0,0,0,0,0,0,0,0,0,0,0,0,0,0,0,0,0,0,0,0,0,0,0,0,0,0,0,0,0,0,0,0,0,0,0,0,0,0,1,1,4,9,17,23,33,51,72,92,106,129,158,186,225,257,285,311,344,377,403,432,459,483,534,548,586,596,614,651,659,679,693,723,735,743,750,760,772,781,789,806,822,834,845,851,860,867,869,873,880,887,893,898,902,907,910,912,918,920,925,929,933,935,936,937,940,940,942,947,947,949
12,11,10,7,1,1,1,1,0,0,0,0,0,0,0,0,0,0,0,0,0,0,0,0,0,0,0,0,0,0,0,0,0,0,0,0,0,0,0,0,0,0,0,0,0,0,0,0,0,0,0,0,0,0,0,0,0,0,0,0,0,0,0,0,0,0,0,0,0,0,0,0,0,0,0,0,0,0,0,0,0,0,0,0,0,0,0,0,0,0,0,0,0,0,0,0,0,0,0,0,0,0,0,0,0,0,0,0,0,0,0,0,0,0,0,0,0,0,0,0,0,0,0,0,0,0,0,0,1,3,4,6,12,22,35,55,70,85,110,132,157,187,214,237,266,304,333,366,385,412,444,476,501,546,562,583,620,633,666,676,704,713,748,753,762,775,786,794,804,815,827,837,846,852,858,867,874,882,886,893,898,904,906,910,914,919,920,923,927,928,935,938,940,942,945,945,946,947,947,949
12,10,7,3,1,1,0,0,0,0,0,0,0,0,0,0,0,0,0,0,0,0,0,0,0,0,0,0,0,0,0,0,0,0,0,0,0,0,0,0,0,0,0,0,0,0,0,0,0,0,0,0,0,0,0,0,0,0,0,0,0,0,0,0,0,0,0,0,0,0,0,0,0,0,0,0,0,0,0,0,0,0,0,0,0,0,0,0,0,0,0,0,0,0,0,0,0,0,0,0,0,0,0,0,0,0,0,0,0,0,0,0,0,0,0,0,0,0,0,0,0,0,0,0,0,0,0,3,3,5,7,10,18,27,41,55,73,87,107,129,156,182,219,255,282,318,344,372,413,436,454,479,508,554,572,614,622,648,664,703,721,728,754,759,767,775,792,798,809,817,825,833,846,856,863,874,878,886,891,897,903,906,910,911,912,914,917,922,925,929,929,932,938,940,942,944,945,947,951,953
12,11,11,10,3,1,1,0,0,0,0,0,0,0,0,0,0,0,0,0,0,0,0,0,0,0,0,0,0,0,0,0,0,0,0,0,0,0,0,0,0,0,0,0,0,0,0,0,0,0,0,0,0,0,0,0,0,0,0,0,0,0,0,0,0,0,0,0,0,0,0,0,0,0,0,0,0,0,0,0,0,0,0,0,0,0,0,0,0,0,0,0,0,0,0,0,0,0,0,0,0,0,0,0,0,0,0,0,0,0,0,0,0,0,0,0,0,0,0,0,0,0,0,0,0,0,0,0,1,1,3,7,10,17,26,38,55,71,94,116,137,164,195,224,253,280,317,348,389,419,445,468,494,520,557,571,610,616,662,671,711,718,747,762,770,779,787,800,811,824,834,843,852,861,867,874,881,887,890,894,895,904,907,913,916,919,922,925,927,931,932,935,939,940,942,943,944,945,947,947
12,11,11,7,3,1,0,0,0,0,0,0,0,0,0,0,0,0,0,0,0,0,0,0,0,0,0,0,0,0,0,0,0,0,0,0,0,0,0,0,0,0,0,0,0,0,0,0,0,0,0,0,0,0,0,0,0,0,0,0,0,0,0,0,0,0,0,0,0,0,0,0,0,0,0,0,0,0,0,0,0,0,0,0,0,0,0,0,0,0,0,0,0,0,0,0,0,0,0,0,0,0,0,0,0,0,0,0,0,0,0,0,0,0,0,0,0,0,0,0,0,0,0,0,0,0,0,0,1,3,4,7,13,19,32,43,66,82,104,131,155,176,205,230,259,287,312,341,376,412,438,461,495,524,571,581,618,632,660,667,702,706,726,735,743,754,765,775,785,793,803,815,827,835,840,846,854,859,865,876,885,892,895,900,904,909,909,915,917,919,927,929,930,934,935,937,940,943,944,945
12,11,11,7,1,1,1,1,0,0,0,0,0,0,0,0,0,0,0,0,0,0,0,0,0,0,0,0,0,0,0,0,0,0,0,0,0,0,0,0,0,0,0,0,0,0,0,0,0,0,0,0,0,0,0,0,0,0,0,0,0,0,0,0,0,0,0,0,0,0,0,0,0,0,0,0,0,0,0,0,0,0,0,0,0,0,0,0,0,0,0,0,0,0,0,0,0,0,0,0,0,0,0,0,0,0,0,0,0,0,0,0,0,0,0,0,0,0,0,0,0,0,0,0,0,0,0,0,0,0,1,5,10,19,29,38,55,76,92,122,155,189,224,252,277,308,335,369,398,434,464,492,521,561,571,607,620,658,667,694,710,718,745,751,771,779,788,801,812,822,825,835,842,851,858,864,871,873,877,884,894,900,902,904,912,916,918,920,924,926,930,932,935,937,938,943,944,948,951,952
12,11,10,7,1,1,1,0,0,0,0,0,0,0,0,0,0,0,0,0,0,0,0,0,0,0,0,0,0,0,0,0,0,0,0,0,0,0,0,0,0,0,0,0,0,0,0,0,0,0,0,0,0,0,0,0,0,0,0,0,0,0,0,0,0,0,0,0,0,0,0,0,0,0,0,0,0,0,0,0,0,0,0,0,0,0,0,0,0,0,0,0,0,0,0,0,0,0,0,0,0,0,0,0,0,0,0,0,0,0,0,0,0,0,0,0,0,0,0,0,0,0,0,0,0,0,0,0,0,2,5,7,13,18,27,40,57,76,100,135,156,173,200,227,261,295,334,365,389,415,450,480,504,549,565,600,616,651,661,700,722,726,750,761,768,783,791,799,806,814,828,840,857,866,870,877,881,885,888,897,902,906,908,913,914,920,923,928,928,932,935,942,944,945,946,948,950,950,951,951
12,11,10,2,1,1,0,0,0,0,0,0,0,0,0,0,0,0,0,0,0,0,0,0,0,0,0,0,0,0,0,0,0,0,0,0,0,0,0,0,0,0,0,0,0,0,0,0,0,0,0,0,0,0,0,0,0,0,0,0,0,0,0,0,0,0,0,0,0,0,0,0,0,0,0,0,0,0,0,0,0,0,0,0,0,0,0,0,0,0,0,0,0,0,0,0,0,0,0,0,0,0,0,0,0,0,0,0,0,0,0,0,0,0,0,0,0,0,0,0,0,0,0,0,0,0,0,0,2,5,8,11,15,23,37,56,70,93,118,144,169,203,238,259,286,314,342,377,402,430,465,494,516,547,591,599,631,646,676,688,717,742,746,757,768,777,785,794,801,812,825,836,845,852,862,866,870,883,884,889,896,898,904,908,911,914,922,924,927,931,935,941,943,946,946,948,950,952,952,953
12,11,8,1,1,1,1,0,0,0,0,0,0,0,0,0,0,0,0,0,0,0,0,0,0,0,0,0,0,0,0,0,0,0,0,0,0,0,0,0,0,0,0,0,0,0,0,0,0,0,0,0,0,0,0,0,0,0,0,0,0,0,0,0,0,0,0,0,0,0,0,0,0,0,0,0,0,0,0,0,0,0,0,0,0,0,0,0,0,0,0,0,0,0,0,0,0,0,0,0,0,0,0,0,0,0,0,0,0,0,0,0,0,0,0,0,0,0,0,0,0,0,0,0,0,0,0,2,4,6,11,15,18,29,42,60,87,105,128,158,193,220,249,274,304,336,368,396,422,447,482,511,545,568,602,614,648,655,683,687,717,722,736,746,756,770,783,793,800,809,819,825,831,844,856,863,871,878,882,886,893,895,897,898,905,905,908,916,917,921,927,929,931,933,938,943,945,946,948,950
12,11,10,6,1,1,0,0,0,0,0,0,0,0,0,0,0,0,0,0,0,0,0,0,0,0,0,0,0,0,0,0,0,0,0,0,0,0,0,0,0,0,0,0,0,0,0,0,0,0,0,0,0,0,0,0,0,0,0,0,0,0,0,0,0,0,0,0,0,0,0,0,0,0,0,0,0,0,0,0,0,0,0,0,0,0,0,0,0,0,0,0,0,0,0,0,0,0,0,0,0,0,0,0,0,0,0,0,0,0,0,0,0,0,0,0,0,0,0,0,0,0,0,0,0,0,0,0,0,0,1,7,11,16,29,45,58,76,96,128,164,188,214,242,273,301,339,367,397,431,463,497,532,543,577,588,634,643,667,675,699,705,730,736,750,764,779,791,801,814,828,839,850,860,870,876,882,886,892,900,900,905,911,916,920,926,928,928,930,931,935,939,939,940,940,941,942,942,944,945
12,11,11,9,2,1,1,1,0,0,0,0,0,0,0,0,0,0,0,0,0,0,0,0,0,0,0,0,0,0,0,0,0,0,0,0,0,0,0,0,0,0,0,0,0,0,0,0,0,0,0,0,0,0,0,0,0,0,0,0,0,0,0,0,0,0,0,0,0,0,0,0,0,0,0,0,0,0,0,0,0,0,0,0,0,0,0,0,0,0,0,0,0,0,0,0,0,0,0,0,0,0,0,0,0,0,0,0,0,0,0,0,0,0,0,0,0,0,0,0,0,0,0,0,0,0,0,0,0,0,0,5,11,18,22,34,51,69,96,120,141,172,193,218,257,291,331,359,395,429,455,478,500,550,568,597,604,643,653,677,685,724,732,746,754,760,772,784,792,802,808,820,832,840,851,858,865,871,874,880,884,886,895,898,901,903,908,911,916,918,922,925,927,932,933,935,938,941,942,942
12,11,9,5,1,1,1,0,0,0,0,0,0,0,0,0,0,0,0,0,0,0,0,0,0,0,0,0,0,0,0,0,0,0,0,0,0,0,0,0,0,0,0,0,0,0,0,0,0,0,0,0,0,0,0,0,0,0,0,0,0,0,0,0,0,0,0,0,0,0,0,0,0,0,0,0,0,0,0,0,0,0,0,0,0,0,0,0,0,0,0,0,0,0,0,0,0,0,0,0,0,0,0,0,0,0,0,0,0,0,0,0,0,0,0,0,0,0,0,0,0,0,0,0,0,0,0,0,0,1,3,5,11,21,38,53,71,91,114,127,160,190,210,235,258,282,314,350,386,415,448,478,506,528,567,584,632,638,683,687,711,724,750,758,763,771,782,796,808,818,829,839,848,859,866,873,882,890,900,903,909,913,919,919,920,921,926,933,936,938,940,942,943,947,950,950,950,951,953,953
12,11,11,4,2,1,0,0,0,0,0,0,0,0,0,0,0,0,0,0,0,0,0,0,0,0,0,0,0,0,0,0,0,0,0,0,0,0,0,0,0,0,0,0,0,0,0,0,0,0,0,0,0,0,0,0,0,0,0,0,0,0,0,0,0,0,0,0,0,0,0,0,0,0,0,0,0,0,0,0,0,0,0,0,0,0,0,0,0,0,0,0,0,0,0,0,0,0,0,0,0,0,0,0,0,0,0,0,0,0,0,0,0,0,0,0,0,0,0,0,0,0,0,0,0,0,0,1,1,4,8,11,17,21,34,50,66,88,119,137,165,186,217,262,297,326,361,386,412,444,470,498,543,555,588,600,644,657,686,694,717,744,749,756,766,777,789,804,813,822,828,834,838,847,861,866,870,876,882,887,894,898,902,905,909,913,920,926,931,934,934,936,939,940,944,946,948,949,950,951
12,11,11,10,1,1,1,0,0,0,0,0,0,0,0,0,0,0,0,0,0,0,0,0,0,0,0,0,0,0,0,0,0,0,0,0,0,0,0,0,0,0,0,0,0,0,0,0,0,0,0,0,0,0,0,0,0,0,0,0,0,0,0,0,0,0,0,0,0,0,0,0,0,0,0,0,0,0,0,0,0,0,0,0,0,0,0,0,0,0,0,0,0,0,0,0,0,0,0,0,0,0,0,0,0,0,0,0,0,0,0,0,0,0,0,0,0,0,0,0,0,0,0,0,0,0,0,1,1,1,3,6,10,17,20,32,44,66,91,116,136,165,197,236,266,291,320,343,373,409,441,470,501,557,575,611,624,661,681,716,731,759,766,772,781,792,800,809,820,831,843,850,855,862,868,879,883,888,892,895,901,908,915,918,922,924,925,927,927,929,931,933,936,937,940,943,943,944,944,946
12,11,10,2,1,1,0,0,0,0,0,0,0,0,0,0,0,0,0,0,0,0,0,0,0,0,0,0,0,0,0,0,0,0,0,0,0,0,0,0,0,0,0,0,0,0,0,0,0,0,0,0,0,0,0,0,0,0,0,0,0,0,0,0,0,0,0,0,0,0,0,0,0,0,0,0,0,0,0,0,0,0,0,0,0,0,0,0,0,0,0,0,0,0,0,0,0,0,0,0,0,0,0,0,0,0,0,0,0,0,0,0,0,0,0,0,0,0,0,0,0,0,0,0,0,0,0,1,2,2,5,10,17,27,41,58,70,89,118,145,178,203,221,252,278,312,342,367,392,421,454,487,528,549,579,597,630,639,679,685,713,719,744,754,763,778,790,800,813,824,835,848,856,857,863,867,871,884,890,892,901,909,912,918,922,926,929,932,935,937,939,943,943,943,943,944,945,948,950,951
12,11,11,5,1,1,0,0,0,0,0,0,0,0,0,0,0,0,0,0,0,0,0,0,0,0,0,0,0,0,0,0,0,0,0,0,0,0,0,0,0,0,0,0,0,0,0,0,0,0,0,0,0,0,0,0,0,0,0,0,0,0,0,0,0,0,0,0,0,0,0,0,0,0,0,0,0,0,0,0,0,0,0,0,0,0,0,0,0,0,0,0,0,0,0,0,0,0,0,0,0,0,0,0,0,0,0,0,0,0,0,0,0,0,0,0,0,0,0,0,0,0,0,0,0,0,0,0,2,3,3,5,16,24,38,54,66,91,111,134,158,178,211,241,274,316,333,363,391,415,442,477,512,552,572,603,615,648,665,693,698,723,727,744,752,763,774,789,800,814,821,832,843,847,850,857,862,866,879,883,890,893,899,905,914,918,921,928,930,933,934,936,940,942,944,947,948,948,949,953
12,11,11,4,1,1,1,0,0,0,0,0,0,0,0,0,0,0,0,0,0,0,0,0,0,0,0,0,0,0,0,0,0,0,0,0,0,0,0,0,0,0,0,0,0,0,0,0,0,0,0,0,0,0,0,0,0,0,0,0,0,0,0,0,0,0,0,0,0,0,0,0,0,0,0,0,0,0,0,0,0,0,0,0,0,0,0,0,0,0,0,0,0,0,0,0,0,0,0,0,0,0,0,0,0,0,0,0,0,0,0,0,0,0,0,0,0,0,0,0,0,0,0,0,0,0,0,1,2,3,5,8,12,17,29,41,54,77,98,127,152,180,210,251,285,310,340,370,397,429,456,485,514,536,583,596,638,650,689,697,729,738,745,753,763,785,791,801,813,820,830,842,850,859,869,879,884,884,887,891,894,900,904,909,914,919,922,928,932,934,938,939,941,941,943,943,947,948,949,952
12,11,11,7,3,1,1,0,0,0,0,0,0,0,0,0,0,0,0,0,0,0,0,0,0,0,0,0,0,0,0,0,0,0,0,0,0,0,0,0,0,0,0,0,0,0,0,0,0,0,0,0,0,0,0,0,0,0,0,0,0,0,0,0,0,0,0,0,0,0,0,0,0,0,0,0,0,0,0,0,0,0,0,0,0,0,0,0,0,0,0,0,0,0,0,0,0,0,0,0,0,0,0,0,0,0,0,0,0,0,0,0,0,0,0,0,0,0,0,0,0,0,0,0,0,0,0,0,0,1,4,4,6,13,28,42,59,74,91,126,149,174,201,240,273,298,336,362,399,422,447,467,497,538,556,585,592,633,648,691,696,737,743,759,766,779,790,796,803,808,820,826,834,843,850,854,865,872,877,881,888,898,904,909,911,915,924,927,930,931,934,935,937,939,943,944,947,950,951,951
12,11,10,4,1,1,1,0,0,0,0,0,0,0,0,0,0,0,0,0,0,0,0,0,0,0,0,0,0,0,0,0,0,0,0,0,0,0,0,0,0,0,0,0,0,0,0,0,0,0,0,0,0,0,0,0,0,0,0,0,0,0,0,0,0,0,0,0,0,0,0,0,0,0,0,0,0,0,0,0,0,0,0,0,0,0,0,0,0,0,0,0,0,0,0,0,0,0,0,0,0,0,0,0,0,0,0,0,0,0,0,0,0,0,0,0,0,0,0,0,0,0,0,0,0,0,0,0,1,1,2,6,11,23,30,57,77,99,125,145,172,191,215,229,257,310,337,375,391,428,451,483,527,540,581,600,630,645,681,691,732,741,769,776,784,790,799,812,823,834,839,844,849,854,864,870,876,885,890,893,897,902,907,910,912,917,919,920,922,922,924,927,930,932,933,935,941,942,943,943
12,11,8,1,1,1,1,0,0,0,0,0,0,0,0,0,0,0,0,0,0,0,0,0,0,0,0,0,0,0,0,0,0,0,0,0,0,0,0,0,0,0,0,0,0,0,0,0,0,0,0,0,0,0,0,0,0,0,0,0,0,0,0,0,0,0,0,0,0,0,0,0,0,0,0,0,0,0,0,0,0,0,0,0,0,0,0,0,0,0,0,0,0,0,0,0,0,0,0,0,0,0,0,0,0,0,0,0,0,0,0,0,0,0,0,0,0,0,0,0,0,0,0,0,0,0,0,1,3,3,3,12,17,26,40,56,71,91,112,135,159,199,244,272,302,333,360,392,416,451,484,510,549,561,587,604,635,651,681,696,716,729,739,750,766,779,794,805,818,825,836,842,848,865,872,878,885,891,892,899,900,904,910,918,922,924,929,930,934,936,936,940,941,942,945,945,945,946,948,951
12,11,11,9,2,1,1,0,0,0,0,0,0,0,0,0,0,0,0,0,0,0,0,0,0,0,0,0,0,0,0,0,0,0,0,0,0,0,0,0,0,0,0,0,0,0,0,0,0,0,0,0,0,0,0,0,0,0,0,0,0,0,0,0,0,0,0,0,0,0,0,0,0,0,0,0,0,0,0,0,0,0,0,0,0,0,0,0,0,0,0,0,0,0,0,0,0,0,0,0,0,0,0,0,0,0,0,0,0,0,0,0,0,0,0,0,0,0,0,0,0,0,0,0,0,0,0,0,0,3,4,11,16,20,30,47,56,82,106,127,150,179,210,233,270,296,328,353,376,400,428,459,485,501,544,558,594,605,644,652,686,698,732,762,764,773,781,789,801,810,821,834,842,853,863,871,881,885,887,890,895,899,903,906,907,913,917,921,924,929,932,932,933,936,937,941,942,947,949,949
12,11,11,7,2,1,1,0,0,0,0,0,0,0,0,0,0,0,0,0,0,0,0,0,0,0,0,0,0,0,0,0,0,0,0,0,0,0,0,0,0,0,0,0,0,0,0,0,0,0,0,0,0,0,0,0,0,0,0,0,0,0,0,0,0,0,0,0,0,0,0,0,0,0,0,0,0,0,0,0,0,0,0,0,0,0,0,0,0,0,0,0,0,0,0,0,0,0,0,0,0,0,0,0,0,0,0,0,0,0,0,0,0,0,0,0,0,0,0,0,0,0,0,0,0,0,0,0,1,1,3,5,10,18,27,43,59,82,106,127,145,180,215,235,260,295,334,362,391,409,430,456,483,522,568,580,599,634,639,669,672,707,724,736,750,760,769,779,787,799,811,822,830,845,853,861,874,878,882,890,893,896,904,908,912,914,918,921,924,926,931,934,936,936,939,940,944,945,946,947
12,11,11,5,1,1,1,0,0,0,0,0,0,0,0,0,0,0,0,0,0,0,0,0,0,0,0,0,0,0,0,0,0,0,0,0,0,0,0,0,0,0,0,0,0,0,0,0,0,0,0,0,0,0,0,0,0,0,0,0,0,0,0,0,0,0,0,0,0,0,0,0,0,0,0,0,0,0,0,0,0,0,0,0,0,0,0,0,0,0,0,0,0,0,0,0,0,0,0,0,0,0,0,0,0,0,0,0,0,0,0,0,0,0,0,0,0,0,0,0,0,0,0,0,0,0,0,0,2,2,4,9,15,22,34,50,74,99,120,136,162,186,220,253,282,311,343,369,401,432,462,486,509,529,570,584,606,640,650,681,691,720,727,740,753,770,780,792,801,810,818,831,847,856,860,867,875,880,888,893,898,900,906,911,916,920,923,925,927,930,931,931,932,934,936,943,943,945,949,950
12,11,11,5,1,1,0,0,0,0,0,0,0,0,0,0,0,0,0,0,0,0,0,0,0,0,0,0,0,0,0,0,0,0,0,0,0,0,0,0,0,0,0,0,0,0,0,0,0,0,0,0,0,0,0,0,0,0,0,0,0,0,0,0,0,0,0,0,0,0,0,0,0,0,0,0,0,0,0,0,0,0,0,0,0,0,0,0,0,0,0,0,0,0,0,0,0,0,0,0,0,0,0,0,0,0,0,0,0,0,0,0,0,0,0,0,0,0,0,0,0,0,0,0,0,0,0,1,2,5,7,13,19,27,37,54,72,86,99,119,137,169,201,233,268,296,334,360,404,432,456,486,535,547,586,602,616,653,661,692,700,727,734,742,750,764,778,790,803,815,828,836,845,851,857,864,873,876,880,884,889,896,901,907,914,916,917,919,922,928,931,932,936,941,945,945,946,948,948,950
12,11,9,3,1,1,1,0,0,0,0,0,0,0,0,0,0,0,0,0,0,0,0,0,0,0,0,0,0,0,0,0,0,0,0,0,0,0,0,0,0,0,0,0,0,0,0,0,0,0,0,0,0,0,0,0,0,0,0,0,0,0,0,0,0,0,0,0,0,0,0,0,0,0,0,0,0,0,0,0,0,0,0,0,0,0,0,0,0,0,0,0,0,0,0,0,0,0,0,0,0,0,0,0,0,0,0,0,0,0,0,0,0,0,0,0,0,0,0,0,0,0,0,0,0,0,0,0,2,4,5,8,15,25,36,50,72,96,119,141,166,191,220,248,275,300,335,365,405,429,457,483,528,542,573,595,632,646,671,678,707,714,736,742,755,767,780,789,806,817,825,831,836,848,853,860,869,877,881,887,893,897,899,903,910,916,918,920,923,927,931,932,934,938,941,941,945,949,950,950
12,11,11,9,2,1,1,0,0,0,0,0,0,0,0,0,0,0,0,0,0,0,0,0,0,0,0,0,0,0,0,0,0,0,0,0,0,0,0,0,0,0,0,0,0,0,0,0,0,0,0,0,0,0,0,0,0,0,0,0,0,0,0,0,0,0,0,0,0,0,0,0,0,0,0,0,0,0,0,0,0,0,0,0,0,0,0,0,0,0,0,0,0,0,0,0,0,0,0,0,0,0,0,0,0,0,0,0,0,0,0,0,0,0,0,0,0,0,0,0,0,0,0,0,0,0,0,0,0,1,2,3,7,21,33,45,63,82,101,134,154,184,204,237,268,299,332,368,393,423,447,476,503,556,571,608,618,657,663,692,700,728,741,746,749,759,772,789,794,811,818,826,836,847,857,869,875,883,886,891,896,903,908,912,916,921,922,925,929,932,933,938,942,942,944,944,945,946,949,950
12,11,11,5,2,1,0,0,0,0,0,0,0,0,0,0,0,0,0,0,0,0,0,0,0,0,0,0,0,0,0,0,0,0,0,0,0,0,0,0,0,0,0,0,0,0,0,0,0,0,0,0,0,0,0,0,0,0,0,0,0,0,0,0,0,0,0,0,0,0,0,0,0,0,0,0,0,0,0,0,0,0,0,0,0,0,0,0,0,0,0,0,0,0,0,0,0,0,0,0,0,0,0,0,0,0,0,0,0,0,0,0,0,0,0,0,0,0,0,0,0,0,0,0,0,0,0,0,0,1,3,5,11,21,28,45,60,92,106,130,147,171,205,236,266,292,326,365,399,430,450,482,506,560,577,615,623,649,664,697,710,722,744,749,761,774,784,789,797,806,816,826,836,847,853,861,871,878,882,888,895,899,903,909,912,916,919,922,925,926,930,932,933,935,941,943,945,946,947,949
12,11,6,1,1,0,0,0,0,0,0,0,0,0,0,0,0,0,0,0,0,0,0,0,0,0,0,0,0,0,0,0,0,0,0,0,0,0,0,0,0,0,0,0,0,0,0,0,0,0,0,0,0,0,0,0,0,0,0,0,0,0,0,0,0,0,0,0,0,0,0,0,0,0,0,0,0,0,0,0,0,0,0,0,0,0,0,0,0,0,0,0,0,0,0,0,0,0,0,0,0,0,0,0,0,0,0,0,0,0,0,0,0,0,0,0,0,0,0,0,0,0,0,0,0,0,0,0,2,6,12,19,31,46,58,78,107,126,151,177,207,234,271,306,324,352,392,430,464,492,516,552,571,601,616,651,656,687,693,721,735,742,753,760,771,776,788,806,811,824,830,847,855,861,866,870,875,879,883,886,890,897,898,904,908,912,914,923,926,931,934,937,939,941,943,945,946,946,948,950
12,11,11,10,3,1,0,0,0,0,0,0,0,0,0,0,0,0,0,0,0,0,0,0,0,0,0,0,0,0,0,0,0,0,0,0,0,0,0,0,0,0,0,0,0,0,0,0,0,0,0,0,0,0,0,0,0,0,0,0,0,0,0,0,0,0,0,0,0,0,0,0,0,0,0,0,0,0,0,0,0,0,0,0,0,0,0,0,0,0,0,0,0,0,0,0,0,0,0,0,0,0,0,0,0,0,0,0,0,0,0,0,0,0,0,0,0,0,0,0,0,0,0,0,0,0,0,0,1,1,2,3,7,15,23,42,58,79,107,134,159,183,210,237,270,289,326,351,383,409,438,458,478,495,542,556,603,617,656,664,692,698,725,739,742,752,761,773,784,797,812,820,832,842,849,857,864,872,875,879,886,894,897,900,900,907,912,924,926,931,933,936,939,939,942,943,946,946,946,947
12,11,9,4,1,1,1,1,1,0,0,0,0,0,0,0,0,0,0,0,0,0,0,0,0,0,0,0,0,0,0,0,0,0,0,0,0,0,0,0,0,0,0,0,0,0,0,0,0,0,0,0,0,0,0,0,0,0,0,0,0,0,0,0,0,0,0,0,0,0,0,0,0,0,0,0,0,0,0,0,0,0,0,0,0,0,0,0,0,0,0,0,0,0,0,0,0,0,0,0,0,0,0,0,0,0,0,0,0,0,0,0,0,0,0,0,0,0,0,0,0,0,0,0,0,0,0,0,2,2,4,7,11,17,24,41,64,93,115,136,157,185,227,258,298,326,358,393,414,445,474,495,540,556,573,612,626,666,677,714,719,747,761,771,781,790,796,807,814,825,837,847,855,859,862,868,873,885,886,891,895,902,904,909,912,918,921,924,924,929,935,938,940,942,943,943,943,945,947,950
12,11,11,9,4,1,1,1,0,0,0,0,0,0,0,0,0,0,0,0,0,0,0,0,0,0,0,0,0,0,0,0,0,0,0,0,0,0,0,0,0,0,0,0,0,0,0,0,0,0,0,0,0,0,0,0,0,0,0,0,0,0,0,0,0,0,0,0,0,0,0,0,0,0,0,0,0,0,0,0,0,0,0,0,0,0,0,0,0,0,0,0,0,0,0,0,0,0,0,0,0,0,0,0,0,0,0,0,0,0,0,0,0,0,0,0,0,0,0,0,0,0,0,0,0,0,0,0,0,1,3,4,15,20,28,38,58,77,94,117,137,168,198,223,251,283,311,333,375,402,440,462,499,547,561,594,607,651,661,692,697,717,741,746,753,768,782,788,797,813,820,829,841,851,858,862,867,874,880,884,890,898,902,905,909,911,917,918,919,923,924,927,932,934,935,938,940,942,944,946
12,11,11,2,1,1,1,0,0,0,0,0,0,0,0,0,0,0,0,0,0,0,0,0,0,0,0,0,0,0,0,0,0,0,0,0,0,0,0,0,0,0,0,0,0,0,0,0,0,0,0,0,0,0,0,0,0,0,0,0,0,0,0,0,0,0,0,0,0,0,0,0,0,0,0,0,0,0,0,0,0,0,0,0,0,0,0,0,0,0,0,0,0,0,0,0,0,0,0,0,0,0,0,0,0,0,0,0,0,0,0,0,0,0,0,0,0,0,0,0,0,0,0,0,0,0,0,0,0,1,3,6,9,17,25,43,60,86,110,126,152,185,221,253,283,306,332,362,386,414,445,475,506,535,554,578,631,634,664,674,691,723,730,758,764,770,780,793,803,811,821,831,840,846,853,859,867,871,876,883,886,892,897,905,909,911,912,918,921,924,926,930,935,936,938,939,941,942,944,946
12,11,8,2,1,1,0,0,0,0,0,0,0,0,0,0,0,0,0,0,0,0,0,0,0,0,0,0,0,0,0,0,0,0,0,0,0,0,0,0,0,0,0,0,0,0,0,0,0,0,0,0,0,0,0,0,0,0,0,0,0,0,0,0,0,0,0,0,0,0,0,0,0,0,0,0,0,0,0,0,0,0,0,0,0,0,0,0,0,0,0,0,0,0,0,0,0,0,0,0,0,0,0,0,0,0,0,0,0,0,0,0,0,0,0,0,0,0,0,0,0,0,0,0,0,0,0,1,1,1,1,3,12,28,37,57,78,97,128,156,180,202,235,263,294,324,356,386,421,452,473,510,558,565,595,603,626,642,674,680,712,729,739,747,762,777,787,795,806,816,829,840,856,864,874,880,886,891,900,903,905,907,912,916,919,923,928,932,934,938,941,943,945,946,948,950,953,954,954,955
12,11,11,5,1,1,1,0,0,0,0,0,0,0,0,0,0,0,0,0,0,0,0,0,0,0,0,0,0,0,0,0,0,0,0,0,0,0,0,0,0,0,0,0,0,0,0,0,0,0,0,0,0,0,0,0,0,0,0,0,0,0,0,0,0,0,0,0,0,0,0,0,0,0,0,0,0,0,0,0,0,0,0,0,0,0,0,0,0,0,0,0,0,0,0,0,0,0,0,0,0,0,0,0,0,0,0,0,0,0,0,0,0,0,0,0,0,0,0,0,0,0,0,0,0,0,0,0,0,3,7,10,14,21,37,47,67,89,112,140,157,191,218,248,277,313,344,367,398,416,452,477,499,544,560,587,603,634,643,672,680,724,744,748,752,760,776,784,794,805,814,820,830,842,845,857,862,870,876,884,891,897,903,908,913,917,925,928,931,934,935,936,938,940,943,944,947,948,950,950
12,11,11,10,3,1,1,0,0,0,0,0,0,0,0,0,0,0,0,0,0,0,0,0,0,0,0,0,0,0,0,0,0,0,0,0,0,0,0,0,0,0,0,0,0,0,0,0,0,0,0,0,0,0,0,0,0,0,0,0,0,0,0,0,0,0,0,0,0,0,0,0,0,0,0,0,0,0,0,0,0,0,0,0,0,0,0,0,0,0,0,0,0,0,0,0,0,0,0,0,0,0,0,0,0,0,0,0,0,0,0,0,0,0,0,0,0,0,0,0,0,0,0,0,0,0,0,0,0,1,1,6,9,15,28,41,53,77,95,126,153,176,205,242,273,306,328,363,384,418,446,480,505,526,574,585,625,634,672,681,712,730,749,753,761,773,786,797,808,815,825,835,849,859,861,864,871,880,887,892,895,899,903,904,910,912,914,917,921,923,926,930,936,938,941,944,945,946,949,949
12,11,11,9,1,1,1,0,0,0,0,0,0,0,0,0,0,0,0,0,0,0,0,0,0,0,0,0,0,0,0,0,0,0,0,0,0,0,0,0,0,0,0,0,0,0,0,0,0,0,0,0,0,0,0,0,0,0,0,0,0,0,0,0,0,0,0,0,0,0,0,0,0,0,0,0,0,0,0,0,0,0,0,0,0,0,0,0,0,0,0,0,0,0,0,0,0,0,0,0,0,0,0,0,0,0,0,0,0,0,0,0,0,0,0,0,0,0,0,0,0,0,0,0,0,0,0,1,1,2,6,11,15,20,26,40,56,73,97,131,159,180,207,237,268,291,332,367,398,425,452,485,522,537,557,593,611,655,668,696,705,737,740,751,759,768,776,787,800,808,814,826,834,841,850,856,864,867,875,886,892,898,902,906,910,913,917,920,922,925,928,929,929,936,936,937,940,946,947,948
12,11,11,8,1,1,0,0,0,0,0,0,0,0,0,0,0,0,0,0,0,0,0,0,0,0,0,0,0,0,0,0,0,0,0,0,0,0,0,0,0,0,0,0,0,0,0,0,0,0,0,0,0,0,0,0,0,0,0,0,0,0,0,0,0,0,0,0,0,0,0,0,0,0,0,0,0,0,0,0,0,0,0,0,0,0,0,0,0,0,0,0,0,0,0,0,0,0,0,0,0,0,0,0,0,0,0,0,0,0,0,0,0,0,0,0,0,0,0,0,0,0,0,0,0,0,0,0,1,1,3,7,11,20,29,45,75,95,112,135,152,182,204,232,266,302,338,362,393,418,441,473,496,542,565,589,629,634,673,686,716,734,741,754,760,774,784,799,812,823,832,840,848,851,859,866,877,882,885,890,894,899,903,905,911,912,918,923,926,928,935,936,939,945,945,946,948,950,950,951
12,11,11,7,1,1,1,0,0,0,0,0,0,0,0,0,0,0,0,0,0,0,0,0,0,0,0,0,0,0,0,0,0,0,0,0,0,0,0,0,0,0,0,0,0,0,0,0,0,0,0,0,0,0,0,0,0,0,0,0,0,0,0,0,0,0,0,0,0,0,0,0,0,0,0,0,0,0,0,0,0,0,0,0,0,0,0,0,0,0,0,0,0,0,0,0,0,0,0,0,0,0,0,0,0,0,0,0,0,0,0,0,0,0,0,0,0,0,0,0,0,0,0,0,0,0,0,0,0,0,4,6,11,17,25,29,42,59,84,109,130,162,183,213,249,276,299,338,368,402,431,467,489,533,544,565,611,621,654,665,693,699,731,739,750,761,776,792,801,809,820,830,838,846,853,859,869,874,877,884,891,893,899,902,909,912,915,917,920,922,927,930,935,937,941,942,943,947,948,950
12,11,9,4,1,1,0,0,0,0,0,0,0,0,0,0,0,0,0,0,0,0,0,0,0,0,0,0,0,0,0,0,0,0,0,0,0,0,0,0,0,0,0,0,0,0,0,0,0,0,0,0,0,0,0,0,0,0,0,0,0,0,0,0,0,0,0,0,0,0,0,0,0,0,0,0,0,0,0,0,0,0,0,0,0,0,0,0,0,0,0,0,0,0,0,0,0,0,0,0,0,0,0,0,0,0,0,0,0,0,0,0,0,0,0,0,0,0,0,0,0,0,0,0,0,0,0,1,1,1,4,7,19,30,41,49,67,92,109,123,146,186,214,254,288,320,349,377,413,444,471,495,542,559,585,599,640,647,682,688,717,727,746,756,766,778,789,803,811,819,833,841,848,855,862,869,875,880,885,890,895,899,906,911,912,913,922,925,927,930,933,933,937,938,941,944,947,947,948,952
12,11,11,5,2,1,1,1,0,0,0,0,0,0,0,0,0,0,0,0,0,0,0,0,0,0,0,0,0,0,0,0,0,0,0,0,0,0,0,0,0,0,0,0,0,0,0,0,0,0,0,0,0,0,0,0,0,0,0,0,0,0,0,0,0,0,0,0,0,0,0,0,0,0,0,0,0,0,0,0,0,0,0,0,0,0,0,0,0,0,0,0,0,0,0,0,0,0,0,0,0,0,0,0,0,0,0,0,0,0,0,0,0,0,0,0,0,0,0,0,0,0,0,0,0,0,0,1,2,2,3,9,14,20,38,51,67,86,109,127,148,173,208,249,275,308,332,364,394,425,453,478,509,550,566,604,614,656,667,700,704,741,744,751,762,777,789,796,810,819,828,834,842,849,857,861,865,874,885,893,895,903,908,911,914,914,917,921,923,923,927,930,930,932,935,936,938,940,940,942
12,11,11,10,5,1,1,1,0,0,0,0,0,0,0,0,0,0,0,0,0,0,0,0,0,0,0,0,0,0,0,0,0,0,0,0,0,0,0,0,0,0,0,0,0,0,0,0,0,0,0,0,0,0,0,0,0,0,0,0,0,0,0,0,0,0,0,0,0,0,0,0,0,0,0,0,0,0,0,0,0,0,0,0,0,0,0,0,0,0,0,0,0,0,0,0,0,0,0,0,0,0,0,0,0,0,0,0,0,0,0,0,0,0,0,0,0,0,0,0,0,0,0,0,0,0,0,0,1,1,3,5,9,13,24,36,43,59,83,103,131,157,187,214,247,286,311,334,363,399,429,455,483,519,563,571,595,611,648,665,691,695,731,743,751,759,767,780,800,815,823,832,837,847,855,864,869,876,884,887,894,898,904,910,912,918,919,921,926,930,935,936,937,937,937,940,944,945,945,946
12,11,11,7,1,1,1,0,0,0,0,0,0,0,0,0,0,0,0,0,0,0,0,0,0,0,0,0,0,0,0,0,0,0,0,0,0,0,0,0,0,0,0,0,0,0,0,0,0,0,0,0,0,0,0,0,0,0,0,0,0,0,0,0,0,0,0,0,0,0,0,0,0,0,0,0,0,0,0,0,0,0,0,0,0,0,0,0,0,0,0,0,0,0,0,0,0,0,0,0,0,0,0,0,0,0,0,0,0,0,0,0,0,0,0,0,0,0,0,0,0,0,0,0,0,0,0,0,0,1,3,3,11,15,23,48,70,90,110,126,160,194,214,244,274,304,327,353,380,409,434,472,493,526,544,590,602,641,655,692,700,728,746,750,760,774,787,797,803,811,824,834,841,856,867,871,878,883,888,891,896,900,903,906,913,917,920,923,926,930,934,935,936,938,940,944,945,949,949,950
12,11,11,6,2,1,1,0,0,0,0,0,0,0,0,0,0,0,0,0,0,0,0,0,0,0,0,0,0,0,0,0,0,0,0,0,0,0,0,0,0,0,0,0,0,0,0,0,0,0,0,0,0,0,0,0,0,0,0,0,0,0,0,0,0,0,0,0,0,0,0,0,0,0,0,0,0,0,0,0,0,0,0,0,0,0,0,0,0,0,0,0,0,0,0,0,0,0,0,0,0,0,0,0,0,0,0,0,0,0,0,0,0,0,0,0,0,0,0,0,0,0,0,0,0,0,0,1,1,1,2,3,5,11,22,39,49,67,88,108,142,166,198,219,254,294,335,372,403,429,454,476,500,541,557,592,612,656,668,692,701,726,731,748,753,763,776,783,791,805,816,827,834,843,850,857,867,877,885,889,893,898,901,909,916,919,922,926,929,931,932,935,938,941,944,945,949,951,954,956
12,11,11,6,1,1,1,0,0,0,0,0,0,0,0,0,0,0,0,0,0,0,0,0,0,0,0,0,0,0,0,0,0,0,0,0,0,0,0,0,0,0,0,0,0,0,0,0,0,0,0,0,0,0,0,0,0,0,0,0,0,0,0,0,0,0,0,0,0,0,0,0,0,0,0,0,0,0,0,0,0,0,0,0,0,0,0,0,0,0,0,0,0,0,0,0,0,0,0,0,0,0,0,0,0,0,0,0,0,0,0,0,0,0,0,0,0,0,0,0,0,0,0,0,0,0,0,0,0,1,2,5,9,17,21,34,45,67,90,113,139,166,204,235,272,299,333,364,402,424,453,489,515,556,573,600,610,650,663,693,720,726,749,756,761,774,781,792,804,813,824,829,840,848,857,864,871,883,885,889,894,897,904,905,910,914,918,926,930,931,933,936,941,943,944,946,947,950,954,956
12,11,10,3,1,1,1,0,0,0,0,0,0,0,0,0,0,0,0,0,0,0,0,0,0,0,0,0,0,0,0,0,0,0,0,0,0,0,0,0,0,0,0,0,0,0,0,0,0,0,0,0,0,0,0,0,0,0,0,0,0,0,0,0,0,0,0,0,0,0,0,0,0,0,0,0,0,0,0,0,0,0,0,0,0,0,0,0,0,0,0,0,0,0,0,0,0,0,0,0,0,0,0,0,0,0,0,0,0,0,0,0,0,0,0,0,0,0,0,0,0,0,0,0,0,0,0,0,1,3,3,6,10,17,27,42,56,77,100,124,146,172,205,236,268,307,344,378,406,429,453,485,509,534,569,582,612,623,655,665,702,708,732,744,753,760,772,785,796,810,822,829,838,849,855,864,868,877,884,890,894,896,902,905,911,917,921,922,926,933,935,938,939,939,943,946,948,948,948,950
12,11,11,5,1,1,1,1,1,0,0,0,0,0,0,0,0,0,0,0,0,0,0,0,0,0,0,0,0,0,0,0,0,0,0,0,0,0,0,0,0,0,0,0,0,0,0,0,0,0,0,0,0,0,0,0,0,0,0,0,0,0,0,0,0,0,0,0,0,0,0,0,0,0,0,0,0,0,0,0,0,0,0,0,0,0,0,0,0,0,0,0,0,0,0,0,0,0,0,0,0,0,0,0,0,0,0,0,0,0,0,0,0,0,0,0,0,0,0,0,0,0,0,0,0,0,0,0,0,0,3,8,12,17,24,33,50,78,104,126,147,166,196,223,248,276,304,333,367,400,437,472,496,540,559,588,604,630,645,677,682,712,717,744,750,759,769,778,793,809,816,832,838,843,850,860,868,877,886,891,897,904,910,915,920,922,926,930,933,936,938,939,941,943,944,945,947,948,948,948
12,11,11,10,5,1,1,1,0,0,0,0,0,0,0,0,0,0,0,0,0,0,0,0,0,0,0,0,0,0,0,0,0,0,0,0,0,0,0,0,0,0,0,0,0,0,0,0,0,0,0,0,0,0,0,0,0,0,0,0,0,0,0,0,0,0,0,0,0,0,0,0,0,0,0,0,0,0,0,0,0,0,0,0,0,0,0,0,0,0,0,0,0,0,0,0,0,0,0,0,0,0,0,0,0,0,0,0,0,0,0,0,0,0,0,0,0,0,0,0,0,0,0,0,0,0,0,0,0,1,3,4,9,18,26,31,51,67,82,104,137,158,187,218,249,280,312,344,385,415,439,469,498,525,544,568,609,620,638,674,679,706,730,750,756,762,773,785,792,798,807,818,832,842,851,859,865,875,880,887,892,897,903,906,909,914,916,918,920,925,926,928,930,934,935,935,939,941,942,947
12,11,10,6,1,1,1,0,0,0,0,0,0,0,0,0,0,0,0,0,0,0,0,0,0,0,0,0,0,0,0,0,0,0,0,0,0,0,0,0,0,0,0,0,0,0,0,0,0,0,0,0,0,0,0,0,0,0,0,0,0,0,0,0,0,0,0,0,0,0,0,0,0,0,0,0,0,0,0,0,0,0,0,0,0,0,0,0,0,0,0,0,0,0,0,0,0,0,0,0,0,0,0,0,0,0,0,0,0,0,0,0,0,0,0,0,0,0,0,0,0,0,0,0,0,0,0,0,0,3,4,9,17,25,37,52,65,91,108,131,159,188,218,245,282,311,339,379,409,440,472,493,542,556,573,623,633,659,666,702,705,716,743,751,763,777,785,790,803,815,829,837,843,852,859,860,866,876,887,891,898,901,904,907,914,916,917,919,922,926,929,930,933,936,938,941,945,947,952,953
12,11,11,2,1,1,1,1,0,0,0,0,0,0,0,0,0,0,0,0,0,0,0,0,0,0,0,0,0,0,0,0,0,0,0,0,0,0,0,0,0,0,0,0,0,0,0,0,0,0,0,0,0,0,0,0,0,0,0,0,0,0,0,0,0,0,0,0,0,0,0,0,0,0,0,0,0,0,0,0,0,0,0,0,0,0,0,0,0,0,0,0,0,0,0,0,0,0,0,0,0,0,0,0,0,0,0,0,0,0,0,0,0,0,0,0,0,0,0,0,0,0,0,0,0,0,0,0,1,2,5,10,17,24,38,46,65,89,108,136,169,191,224,255,284,312,335,370,416,441,466,492,540,556,601,617,650,661,693,706,720,727,740,747,759,766,782,788,799,813,824,829,837,849,855,864,870,873,879,884,890,898,904,907,911,913,915,918,922,925,929,930,932,937,940,942,944,948,949,949
12,11,11,9,1,1,1,1,0,0,0,0,0,0,0,0,0,0,0,0,0,0,0,0,0,0,0,0,0,0,0,0,0,0,0,0,0,0,0,0,0,0,0,0,0,0,0,0,0,0,0,0,0,0,0,0,0,0,0,0,0,0,0,0,0,0,0,0,0,0,0,0,0,0,0,0,0,0,0,0,0,0,0,0,0,0,0,0,0,0,0,0,0,0,0,0,0,0,0,0,0,0,0,0,0,0,0,0,0,0,0,0,0,0,0,0,0,0,0,0,0,0,0,0,0,0,0,0,1,2,3,6,13,19,27,40,52,67,86,106,129,159,186,225,258,295,329,361,389,413,450,481,510,547,555,569,610,625,661,672,694,697,726,734,740,752,765,781,795,803,810,818,824,835,838,849,856,867,876,885,891,897,901,904,912,916,921,922,925,930,930,934,935,936,940,943,944,946,948,948
12,11,11,6,3,1,1,1,0,0,0,0,0,0,0,0,0,0,0,0,0,0,0,0,0,0,0,0,0,0,0,0,0,0,0,0,0,0,0,0,0,0,0,0,0,0,0,0,0,0,0,0,0,0,0,0,0,0,0,0,0,0,0,0,0,0,0,0,0,0,0,0,0,0,0,0,0,0,0,0,0,0,0,0,0,0,0,0,0,0,0,0,0,0,0,0,0,0,0,0,0,0,0,0,0,0,0,0,0,0,0,0,0,0,0,0,0,0,0,0,0,0,0,0,0,0,0,1,1,1,5,7,12,25,28,45,63,77,101,121,151,179,209,244,272,299,322,358,386,423,455,481,515,559,575,605,615,649,660,692,702,733,751,753,766,778,783,793,806,818,826,836,844,848,853,863,874,882,887,892,894,901,904,908,910,912,916,918,921,926,927,928,930,933,935,940,942,943,945,946
12,11,11,8,1,1,1,1,0,0,0,0,0,0,0,0,0,0,0,0,0,0,0,0,0,0,0,0,0,0,0,0,0,0,0,0,0,0,0,0,0,0,0,0,0,0,0,0,0,0,0,0,0,0,0,0,0,0,0,0,0,0,0,0,0,0,0,0,0,0,0,0,0,0,0,0,0,0,0,0,0,0,0,0,0,0,0,0,0,0,0,0,0,0,0,0,0,0,0,0,0,0,0,0,0,0,0,0,0,0,0,0,0,0,0,0,0,0,0,0,0,0,0,0,0,0,0,0,1,1,4,7,12,22,35,46,57,70,93,128,152,181,205,235,266,289,317,348,391,430,458,484,511,554,567,597,614,645,656,685,691,709,735,742,753,763,770,782,793,804,815,824,830,840,852,858,875,880,887,889,896,900,904,909,912,916,918,920,924,932,932,933,935,937,940,940,943,944,944,946
12,11,10,2,1,1,1,0,0,0,0,0,0,0,0,0,0,0,0,0,0,0,0,0,0,0,0,0,0,0,0,0,0,0,0,0,0,0,0,0,0,0,0,0,0,0,0,0,0,0,0,0,0,0,0,0,0,0,0,0,0,0,0,0,0,0,0,0,0,0,0,0,0,0,0,0,0,0,0,0,0,0,0,0,0,0,0,0,0,0,0,0,0,0,0,0,0,0,0,0,0,0,0,0,0,0,0,0,0,0,0,0,0,0,0,0,0,0,0,0,0,0,0,0,0,0,0,0,1,2,5,7,11,18,24,42,59,76,98,116,142,168,194,225,257,286,319,362,391,416,449,467,495,542,557,592,605,633,650,688,694,723,730,752,760,768,774,782,801,808,814,826,835,845,855,865,871,874,881,882,889,893,897,902,905,909,914,917,920,922,924,925,927,930,931,933,934,935,938,941
12,11,11,4,1,1,0,0,0,0,0,0,0,0,0,0,0,0,0,0,0,0,0,0,0,0,0,0,0,0,0,0,0,0,0,0,0,0,0,0,0,0,0,0,0,0,0,0,0,0,0,0,0,0,0,0,0,0,0,0,0,0,0,0,0,0,0,0,0,0,0,0,0,0,0,0,0,0,0,0,0,0,0,0,0,0,0,0,0,0,0,0,0,0,0,0,0,0,0,0,0,0,0,0,0,0,0,0,0,0,0,0,0,0,0,0,0,0,0,0,0,0,0,0,0,0,0,0,1,3,6,12,18,23,34,49,70,96,112,138,165,193,224,254,286,308,353,382,408,441,465,496,518,549,566,602,614,629,660,667,697,706,736,743,748,767,781,789,803,807,816,826,833,843,855,868,875,880,884,887,889,891,899,904,907,916,918,921,923,925,929,929,931,938,941,942,944,946,948,951
12,11,11,3,1,1,0,0,0,0,0,0,0,0,0,0,0,0,0,0,0,0,0,0,0,0,0,0,0,0,0,0,0,0,0,0,0,0,0,0,0,0,0,0,0,0,0,0,0,0,0,0,0,0,0,0,0,0,0,0,0,0,0,0,0,0,0,0,0,0,0,0,0,0,0,0,0,0,0,0,0,0,0,0,0,0,0,0,0,0,0,0,0,0,0,0,0,0,0,0,0,0,0,0,0,0,0,0,0,0,0,0,0,0,0,0,0,0,0,0,0,0,0,0,0,0,0,0,0,3,4,11,17,23,35,45,62,75,100,121,152,183,206,232,263,293,316,345,374,402,426,463,493,509,555,578,621,631,655,666,707,713,747,750,758,768,778,791,802,814,819,826,837,847,854,861,869,874,881,886,892,896,906,908,912,920,923,926,930,932,936,938,941,944,946,947,948,948,948,950
12,11,10,1,1,1,1,0,0,0,0,0,0,0,0,0,0,0,0,0,0,0,0,0,0,0,0,0,0,0,0,0,0,0,0,0,0,0,0,0,0,0,0,0,0,0,0,0,0,0,0,0,0,0,0,0,0,0,0,0,0,0,0,0,0,0,0,0,0,0,0,0,0,0,0,0,0,0,0,0,0,0,0,0,0,0,0,0,0,0,0,0,0,0,0,0,0,0,0,0,0,0,0,0,0,0,0,0,0,0,0,0,0,0,0,0,0,0,0,0,0,0,0,0,0,0,0,0,0,3,4,9,20,24,33,54,71,91,119,142,174,211,235,264,295,325,353,377,410,431,466,498,532,549,588,608,639,646,677,681,715,724,749,752,761,771,782,799,809,819,825,836,847,854,865,871,876,880,886,890,898,906,909,911,918,920,922,924,927,929,932,934,935,936,937,940,941,943,946,948
12,11,8,1,1,1,0,0,0,0,0,0,0,0,0,0,0,0,0,0,0,0,0,0,0,0,0,0,0,0,0,0,0,0,0,0,0,0,0,0,0,0,0,0,0,0,0,0,0,0,0,0,0,0,0,0,0,0,0,0,0,0,0,0,0,0,0,0,0,0,0,0,0,0,0,0,0,0,0,0,0,0,0,0,0,0,0,0,0,0,0,0,0,0,0,0,0,0,0,0,0,0,0,0,0,0,0,0,0,0,0,0,0,0,0,0,0,0,0,0,0,0,0,0,0,0,0,0,0,0,3,4,10,20,33,54,67,84,108,139,160,193,225,256,290,324,356,378,399,431,458,493,523,567,581,598,634,648,683,690,718,726,764,772,775,782,798,803,816,823,828,837,843,849,858,869,872,879,886,889,897,899,904,911,914,920,923,925,925,929,933,934,938,942,943,944,944,948,948,948
12,11,8,3,2,1,0,0,0,0,0,0,0,0,0,0,0,0,0,0,0,0,0,0,0,0,0,0,0,0,0,0,0,0,0,0,0,0,0,0,0,0,0,0,0,0,0,0,0,0,0,0,0,0,0,0,0,0,0,0,0,0,0,0,0,0,0,0,0,0,0,0,0,0,0,0,0,0,0,0,0,0,0,0,0,0,0,0,0,0,0,0,0,0,0,0,0,0,0,0,0,0,0,0,0,0,0,0,0,0,0,0,0,0,0,0,0,0,0,0,0,0,0,0,0,0,0,1,3,5,6,14,19,32,46,59,77,99,123,146,173,196,226,256,281,314,358,387,417,443,458,491,544,559,599,610,650,660,688,695,727,734,762,767,777,788,793,802,820,832,837,846,855,865,874,878,885,890,896,896,905,908,910,915,923,927,929,933,936,937,938,941,945,947,951,952,953,953,954,957
12,11,9,2,1,1,1,0,0,0,0,0,0,0,0,0,0,0,0,0,0,0,0,0,0,0,0,0,0,0,0,0,0,0,0,0,0,0,0,0,0,0,0,0,0,0,0,0,0,0,0,0,0,0,0,0,0,0,0,0,0,0,0,0,0,0,0,0,0,0,0,0,0,0,0,0,0,0,0,0,0,0,0,0,0,0,0,0,0,0,0,0,0,0,0,0,0,0,0,0,0,0,0,0,0,0,0,0,0,0,0,0,0,0,0,0,0,0,0,0,0,0,0,0,0,0,0,1,2,3,4,12,18,31,40,54,75,96,127,152,177,207,232,260,292,326,350,375,409,439,471,497,521,554,566,592,619,631,672,680,720,733,740,751,760,775,788,797,804,812,821,832,840,845,855,865,869,876,879,888,891,897,901,903,909,914,915,917,921,923,927,929,930,935,937,937,942,942,942,944
12,11,7,2,1,1,1,0,0,0,0,0,0,0,0,0,0,0,0,0,0,0,0,0,0,0,0,0,0,0,0,0,0,0,0,0,0,0,0,0,0,0,0,0,0,0,0,0,0,0,0,0,0,0,0,0,0,0,0,0,0,0,0,0,0,0,0,0,0,0,0,0,0,0,0,0,0,0,0,0,0,0,0,0,0,0,0,0,0,0,0,0,0,0,0,0,0,0,0,0,0,0,0,0,0,0,0,0,0,0,0,0,0,0,0,0,0,0,0,0,0,0,0,0,0,0,1,1,1,5,6,8,17,32,44,59,79,102,128,151,180,210,233,262,289,320,340,377,405,439,463,496,544,556,595,607,621,664,685,690,714,725,744,756,764,780,785,792,803,812,815,831,836,843,852,860,866,879,882,889,894,899,904,911,920,923,928,930,933,936,940,943,944,947,947,951,952,952,953,953
12,11,9,1,1,1,0,0,0,0,0,0,0,0,0,0,0,0,0,0,0,0,0,0,0,0,0,0,0,0,0,0,0,0,0,0,0,0,0,0,0,0,0,0,0,0,0,0,0,0,0,0,0,0,0,0,0,0,0,0,0,0,0,0,0,0,0,0,0,0,0,0,0,0,0,0,0,0,0,0,0,0,0,0,0,0,0,0,0,0,0,0,0,0,0,0,0,0,0,0,0,0,0,0,0,0,0,0,0,0,0,0,0,0,0,0,0,0,0,0,0,0,0,0,0,1,1,2,4,5,8,13,22,27,38,54,74,93,113,132,164,188,215,249,279,306,346,376,412,442,473,496,534,551,590,601,641,651,680,687,717,722,756,767,776,785,796,800,810,820,829,836,843,853,862,866,870,873,877,883,887,893,900,903,908,912,915,920,922,927,928,929,934,937,941,944,946,947,949,949
12,11,11,3,1,1,0,0,0,0,0,0,0,0,0,0,0,0,0,0,0,0,0,0,0,0,0,0,0,0,0,0,0,0,0,0,0,0,0,0,0,0,0,0,0,0,0,0,0,0,0,0,0,0,0,0,0,0,0,0,0,0,0,0,0,0,0,0,0,0,0,0,0,0,0,0,0,0,0,0,0,0,0,0,0,0,0,0,0,0,0,0,0,0,0,0,0,0,0,0,0,0,0,0,0,0,0,0,0,0,0,0,0,0,0,0,0,0,0,0,0,0,0,0,0,0,0,0,1,2,4,13,18,34,44,61,73,88,112,138,168,202,229,265,297,338,367,393,426,451,484,529,540,563,605,613,650,663,689,699,721,744,746,753,764,776,787,801,809,816,822,830,836,844,857,865,874,883,888,893,898,904,908,915,917,918,922,925,927,930,933,934,935,937,939,940,943,946,947,948
12,11,11,2,1,0,0,0,0,0,0,0,0,0,0,0,0,0,0,0,0,0,0,0,0,0,0,0,0,0,0,0,0,0,0,0,0,0,0,0,0,0,0,0,0,0,0,0,0,0,0,0,0,0,0,0,0,0,0,0,0,0,0,0,0,0,0,0,0,0,0,0,0,0,0,0,0,0,0,0,0,0,0,0,0,0,0,0,0,0,0,0,0,0,0,0,0,0,0,0,0,0,0,0,0,0,0,0,0,0,0,0,0,0,0,0,0,0,0,0,0,0,0,0,0,0,0,1,3,5,6,14,24,34,45,57,77,99,123,147,181,209,246,278,317,352,374,402,423,449,470,498,528,551,585,601,627,663,674,707,712,752,756,764,776,789,797,807,825,830,837,843,849,859,870,882,886,889,892,899,905,907,912,917,921,924,927,932,934,937,938,943,947,947,948,951,951,951,953,954
12,11,9,4,1,1,1,0,0,0,0,0,0,0,0,0,0,0,0,0,0,0,0,0,0,0,0,0,0,0,0,0,0,0,0,0,0,0,0,0,0,0,0,0,0,0,0,0,0,0,0,0,0,0,0,0,0,0,0,0,0,0,0,0,0,0,0,0,0,0,0,0,0,0,0,0,0,0,0,0,0,0,0,0,0,0,0,0,0,0,0,0,0,0,0,0,0,0,0,0,0,0,0,0,0,0,0,0,0,0,0,0,0,0,0,0,0,0,0,0,0,0,0,0,0,0,0,0,1,2,8,11,17,22,36,50,62,91,124,150,173,203,233,261,292,323,350,371,403,433,470,493,520,558,569,618,630,665,670,702,710,747,750,757,767,782,795,807,817,823,840,848,854,863,869,871,876,880,886,891,897,902,905,907,914,916,920,927,929,933,934,938,940,943,945,946,947,949,949,951
12,11,11,5,2,1,1,0,0,0,0,0,0,0,0,0,0,0,0,0,0,0,0,0,0,0,0,0,0,0,0,0,0,0,0,0,0,0,0,0,0,0,0,0,0,0,0,0,0,0,0,0,0,0,0,0,0,0,0,0,0,0,0,0,0,0,0,0,0,0,0,0,0,0,0,0,0,0,0,0,0,0,0,0,0,0,0,0,0,0,0,0,0,0,0,0,0,0,0,0,0,0,0,0,0,0,0,0,0,0,0,0,0,0,0,0,0,0,0,0,0,0,0,0,0,0,0,0,1,2,2,5,6,13,23,39,50,66,91,114,138,171,199,237,269,303,329,357,388,416,453,489,509,549,563,603,615,649,661,697,707,741,760,765,773,780,792,801,809,824,834,840,847,857,867,874,879,884,887,896,900,905,910,913,913,917,921,925,927,927,930,934,936,939,940,941,941,944,947,948
12,11,11,4,1,1,1,0,0,0,0,0,0,0,0,0,0,0,0,0,0,0,0,0,0,0,0,0,0,0,0,0,0,0,0,0,0,0,0,0,0,0,0,0,0,0,0,0,0,0,0,0,0,0,0,0,0,0,0,0,0,0,0,0,0,0,0,0,0,0,0,0,0,0,0,0,0,0,0,0,0,0,0,0,0,0,0,0,0,0,0,0,0,0,0,0,0,0,0,0,0,0,0,0,0,0,0,0,0,0,0,0,0,0,0,0,0,0,0,0,0,0,0,0,0,0,0,0,0,3,5,5,12,20,33,49,65,84,106,140,174,209,234,259,285,314,337,373,396,431,456,484,507,551,568,610,616,645,652,687,699,719,743,749,755,767,779,789,798,811,823,833,847,854,861,864,875,876,882,887,891,892,899,903,908,914,914,917,920,925,928,930,931,936,942,942,944,946,948,952
12,11,11,9,1,1,0,0,0,0,0,0,0,0,0,0,0,0,0,0,0,0,0,0,0,0,0,0,0,0,0,0,0,0,0,0,0,0,0,0,0,0,0,0,0,0,0,0,0,0,0,0,0,0,0,0,0,0,0,0,0,0,0,0,0,0,0,0,0,0,0,0,0,0,0,0,0,0,0,0,0,0,0,0,0,0,0,0,0,0,0,0,0,0,0,0,0,0,0,0,0,0,0,0,0,0,0,0,0,0,0,0,0,0,0,0,0,0,0,0,0,0,0,0,0,0,0,0,0,3,7,12,20,26,42,52,61,79,95,111,138,164,194,230,262,286,311,345,377,402,434,471,504,549,567,595,608,643,659,692,705,720,741,750,764,772,782,788,802,810,817,826,839,850,856,863,871,877,886,891,893,900,906,909,916,917,924,927,929,930,933,935,936,938,938,941,943,945,947,950
