49854.552625070246,28,8,0,1,1.3515975489230035e-4,0.00854909287719644,0.003333649125644117,49762.85976815538,31,18,0,11,0.001501259994694474,0.008251798560286143,0.002803056534701956,49882.77332157956,28,8,0,1,1.3515975489230035e-4,0.00854909287719644,0.003333649125644117,0.02226898323157811,0.015961614451287964,0.02226898323157811,0.04762601832480662,0.04188920885382173,0.04335914752196468,0.03994141963668,0.04762601832480662,0.04188920885382173
49743.630643293734,26,7,0,0,0,0.007877772893251549,0.003341545985967478,49649.75819991869,30,14,0,7,0.0010175427405388457,0.006638313549703608,0.002555001252219881,49769.02927015212,26,7,0,0,0,0.007877772893251549,0.003341545985967478,0.017732323028691432,0.010479942214104865,0.017732323028691432,0.050953174502107346,0.044672585656345985,0.05123029338660179,0.04203861381045976,0.050953174502107346,0.044672585656345985
49600.11970852624,25,7,0,0,0,0.00891781175323392,0.0035589960567336248,49479.820135089394,33,27,0,20,0.005310663946613998,0.009500064992835839,0.002286807072021721,49625.51833538462,25,7,0,0,0,0.00891781175323392,0.0035589960567336248,0.01485949355708005,-0.005997232219542292,0.01485949355708005,0.02899101252552916,0.021372215153840943,0.030320534904347385,0.021454462126346704,0.02899101252552916,0.021372215153840943
50044.32609082672,26,7,0,0,0,0.008545215240047876,0.003597316394203425,49943.13771954671,30,14,0,7,0.0015898096015116196,0.007740350524530951,0.0028401648642390562,50069.7247176851,26,7,0,0,0,0.008545215240047876,0.003597316394203425,0.036173077492514416,0.027615977965100846,0.036173077492514416,0.012797660962562851,0.010962244379180341,0.017909395538298734,0.015453408619369483,0.012797660962562851,0.010962244379180341
49627.98682505972,25,7,0,0,0,0.009257798419035413,0.0036733717786565333,49501.27037365739,35,39,0,32,0.009285559474081865,0.012853094224098988,0.0026704080648076787,49653.385451918104,25,7,0,0,0,0.009257798419035413,0.0036733717786565333,0.01442687770954243,-0.016272627248074656,0.01442687770954243,0.1133681610934365,0.10023698652086704,0.11865802564517092,0.09914703900916233,0.1133681610934365,0.10023698652086704
49792.63778405083,25,8,0,1,5.088287567628763e-5,0.00898165232604588,0.0035734688662668853,49667.82282896238,30,13,0,6,0.0017974762937471157,0.0075784810198310385,0.002513885655185368,49818.18256370545,24,7,0,0,0,0.009712743469821445,0.0038719441978555575,0.024792115757634292,0.014262793271132335,0.02670671482817677,0.12718853441266842,0.11100067203739147,0.12501657671419397,0.10663041528670496,0.12758059634596908,0.11197560955862366
49527.99252192678,29,10,0,3,0.0012287769825116666,0.006985340004187098,0.0024495013590178274,49419.37693709557,31,15,0,8,0.0019960576179744375,0.006708690320388593,0.0021842880420263207,49561.85735773796,29,10,0,3,0.0012287769825116666,0.006985340004187098,0.0024495013590178274,0.0017086661924847757,-0.0021509388842688715,0.0017086661924847757,0.01117233479442703,0.008054810608503663,0.014074027855923599,0.010126469950210848,0.01117233479442703,0.008054810608503663
50058.33690832245,27,8,0,1,3.3774240621853915e-4,0.007291484110378132,0.0027918535376041023,49954.65949562421,34,36,0,29,0.006583957067577803,0.009628603474792455,0.002111991092184816,50086.55760483177,27,8,0,1,3.3774240621853915e-4,0.007291484110378132,0.0027918535376041023,0.036029876626793245,0.015603594171354374,0.036029876626793245,0.10251753625499638,0.08581365192195031,0.09235550188008645,0.08013393815154593,0.10251753625499638,0.08581365192195031
50060.89376786174,26,8,0,1,2.107320303958912e-4,0.00878451989093717,0.0035512591540593328,49947.139116175065,33,33,0,26,0.006523175187866748,0.01128995340797542,0.00267437462993741,50089.11446437105,26,8,0,1,2.107320303958912e-4,0.00878451989093717,0.0035512591540593328,0.03435516040078479,0.013411012160402969,0.03435516040078479,0.1377486272728149,0.0978995526818058,0.12713514652059088,0.09048726585211009,0.1377486272728149,0.0978995526818058
49953.77196856343,26,7,0,0,0,0.007929983132658797,0.0035601903913444408,49853.81990423778,35,45,0,38,0.010449647383070363,0.015030277498106539,0.002942862103286896,49979.17059542181,26,7,0,0,0,0.007929983132658797,0.0035601903913444408,0.033047540581608637,0.002396106738821846,0.033047540581608637,0.01673676735747287,0.016320598777768175,0.029336265527790673,0.02460256354742478,0.01673676735747287,0.016320598777768175
49794.745255994625,26,9,0,2,7.65577442749083e-4,0.009787500458942847,0.0036712795273136246,49666.61903388394,34,42,0,35,0.010136837420592501,0.014904327807194796,0.003036242083689697,49825.78802215487,26,9,0,2,7.65577442749083e-4,0.009787500458942847,0.0036712795273136246,0.017496216467943304,-0.010663842362141018,0.017496216467943304,0.11010135705536805,0.08747122614113785,0.09727974351583712,0.07898949836694014,0.11010135705536805,0.08747122614113785
49591.61565285162,27,7,0,0,0,0.006646510252397807,0.003128337599002376,49509.89351587834,29,12,0,5,3.926424888746879e-4,0.005932460041054693,0.0027631636978707424,49617.014279710005,27,7,0,0,0,0.006646510252397807,0.003128337599002376,0.008725348610354677,0.0053787424895872515,0.008725348610354677,0.06356181701580299,0.04872829328292456,0.0641108941733105,0.04830268354913314,0.06356181701580299,0.04872829328292456
49494.046216260176,25,7,0,0,0,0.010890954724411943,0.004350804698657833,49384.37713242704,31,16,0,9,0.0018130500447447954,0.009190542003758295,0.0031684112183415613,49519.44484311856,25,7,0,0,0,0.010890954724411943,0.004350804698657833,0.004802875596547018,-0.006978212323086153,0.004802875596547018,0.08971305807350793,0.07408363708310169,0.08921748568632837,0.07762596249421706,0.08971305807350793,0.07408363708310169
49652.505612730594,26,7,0,0,0,0.008588181379170973,0.0036164214172030233,49557.57727683679,33,30,0,23,0.00476996308871369,0.009728789055921101,0.0026162368302434904,49677.90423958898,26,7,0,0,0,0.008588181379170973,0.0036164214172030233,0.013467995537572275,-0.004297405794763343,0.013467995537572275,0.058772972504079424,0.05084177880888732,0.06101938967736609,0.05708527252937031,0.058772972504079424,0.05084177880888732
49648.71166127117,27,8,0,1,2.9871733669809426e-4,0.007754103072983799,0.0028833014705997176,49544.46493040577,32,21,0,14,0.0026587008773307193,0.007238471542962308,0.002073025579988755,49676.93235778048,27,8,0,1,2.9871733669809426e-4,0.007754103072983799,0.0028833014705997176,0.013572725040273292,0.0026920937570367176,0.013572725040273292,0.04374662937337681,0.043668515517068136,0.045978959152725984,0.04158981415287833,0.04374662937337681,0.043668515517068136
49468.406867872385,28,13,0,6,0.002031636492385552,0.009802851530394624,0.0031604817117069617,49322.764994727215,30,15,0,8,0.0031378430939118735,0.009782711289322859,0.0028997532459074916,49497.321683885624,23,7,0,0,0,0.011476867542605544,0.004447590278680586,-0.006007764351815492,-0.010806767119533545,0.006724901103308367,0.03615787560558581,0.03021721735752071,0.03562274771501506,0.031169711031042453,0.037537276731501534,0.028040973714304977
49812.68289325381,26,7,0,0,0,0.008485423604267583,0.0034654041386770564,49717.46741232996,30,18,0,11,0.0018869534868521094,0.007981844630777302,0.002671538835447552,49838.081520112195,26,7,0,0,0,0.008485423604267583,0.0034654041386770564,0.021438549987977895,0.012277975527538176,0.021438549987977895,0.09556638146087326,0.0766214395402346,0.09501582519108553,0.07384354911805782,0.09556638146087326,0.0766214395402346
49555.80744807986,26,8,0,1,1.6391729686675887e-4,0.00872951794619181,0.003534590283020495,49440.79845246435,34,38,0,31,0.008229596770133593,0.012574177991312649,0.0026970675467642593,49584.028144589174,26,8,0,1,1.6391729686675887e-4,0.00872951794619181,0.003534590283020495,0.007069016155500929,-0.018352783671862438,0.007069016155500929,0.018090501665368297,0.016384747636450078,0.01811336039157896,0.013209885823746912,0.018090501665368297,0.016384747636450078
49995.74984143611,29,8,0,1,3.557174887680579e-4,0.007397054874256587,0.0029594983078644168,49908.63905276124,29,8,0,1,3.557174887680579e-4,0.007397054874256587,0.0029594983078644168,50023.970537945424,29,8,0,1,3.557174887680579e-4,0.007397054874256587,0.0029594983078644168,0.02515842543887059,0.02515842543887059,0.02515842543887059,0.15328378432575485,0.1167629448718402,0.15328378432575485,0.1167629448718402,0.15328378432575485,0.1167629448718402
49528.256389416645,26,7,0,0,0,0.00757407703186365,0.0030995261344627417,49435.66893431448,29,12,0,5,6.795419032642339e-4,0.006423315158931988,0.0024268956403556176,49553.65501627503,26,7,0,0,0,0.00757407703186365,0.0030995261344627417,0.008594175512598001,0.0030602709757350244,0.008594175512598001,0.013087638087240117,0.012410403006713738,0.01627500693523476,0.014494172484451492,0.013087638087240117,0.012410403006713738
49658.937992646286,25,7,0,0,0,0.007869134792980187,0.0036943586132441412,49551.99264830831,34,43,0,36,0.008994536115071484,0.01344339669844793,0.002915113068770063,49684.33661950467,25,7,0,0,0,0.007869134792980187,0.0036943586132441412,0.01405212898714403,-0.014731071766759252,0.01405212898714403,0.06976549908494267,0.06056205640431127,0.0697088915977776,0.0556394534799397,0.06976549908494267,0.06056205640431127
49907.57815227813,26,9,0,2,8.166453790692669e-4,0.008320818265421283,0.0030423455162991633,49773.30528846884,32,26,0,19,0.005584376369396183,0.009327677613843777,0.0023680040360066286,49938.62091843838,26,9,0,2,8.166453790692669e-4,0.008320818265421283,0.0030423455162991633,0.027032924433575856,0.009644865256489998,0.027032924433575856,0.09241600543344375,0.06644048849598604,0.08543857386129583,0.06125779331536786,0.09241600543344375,0.06644048849598604
49777.772684894844,26,8,0,1,3.5476385394275133e-4,0.009657702066777341,0.0037132339324972745,49657.940914578096,33,29,0,22,0.006111682953526559,0.011545313101903024,0.00278850549370123,49805.99338140416,26,8,0,1,3.5476385394275133e-4,0.009657702066777341,0.0037132339324972745,0.02061632966834903,5.723830987118816e-4,0.02061632966834903,0.037160843936157484,0.02671192806333934,0.038077081636266774,0.03010485874564264,0.037160843936157484,0.02671192806333934
49232.50276021754,25,7,0,0,0,0.006754486649327796,0.002933074119939407,49123.358375792166,30,16,0,9,0.0018852689425616477,0.005466972913633472,0.0019460665885378883,49257.90138707592,25,7,0,0,0,0.006754486649327796,0.002933074119939407,-0.004481908934106826,-0.015420913195782315,-0.004481908934106826,0.0377759868214842,0.029604612932377827,0.03873598735423023,0.03263891095933668,0.0377759868214842,0.029604612932377827
49100.72409829974,27,8,0,1,3.749077423980758e-4,0.008027801348925615,0.0031110919816246967,48996.55553011674,32,22,0,15,0.0032348552700220126,0.008132805630076442,0.0023668722363443923,49128.94479480905,27,8,0,1,3.749077423980758e-4,0.008027801348925615,0.0031110919816246967,-0.020559556586628336,-0.03246046880322839,-0.020559556586628336,0.049159916454758146,0.04113299302962721,0.04135098120155911,0.03681419832211412,0.049159916454758146,0.04113299302962721
49246.69536877421,25,7,0,0,0,0.008561861330934834,0.003403819388787084,49139.33036390309,34,45,0,38,0.008850767325797116,0.012232122134726998,0.002296194820780329,49272.0939956326,25,7,0,0,0,0.008561861330934834,0.003403819388787084,-0.007516589274399577,-0.03662044955868771,-0.007516589274399577,0.04529456221146522,0.03204634269455233,0.030357534840020572,0.021518406577568924,0.04529456221146522,0.03204634269455233
49695.842012307665,26,8,0,1,1.1893628703858966e-4,0.007712670602535743,0.00350561713182784,49598.12934982283,28,10,0,3,4.3650382504605185e-4,0.006845501599215545,0.003115643660872126,49724.06270881698,26,8,0,1,1.1893628703858966e-4,0.007712670602535743,0.00350561713182784,0.019166859049283502,0.015770677759038065,0.019166859049283502,0.08197826323213753,0.06261457983726162,0.08507535535817345,0.06476540087746455,0.08197826323213753,0.06261457983726162
49876.95852512047,24,7,0,0,0,0.010046629127595165,0.004015332907100302,49741.26447711632,31,17,0,10,0.0033382528230721823,0.008871531898411627,0.0026730240944259306,49902.35715197885,24,7,0,0,0,0.010046629127595165,0.004015332907100302,0.029813335534377927,0.013012783864934097,0.029813335534377927,0.058619548663414345,0.04193791965260686,0.060069067285745015,0.04500459421185856,0.058619548663414345,0.04193791965260686
49671.168073464214,25,7,0,0,0,0.00934614239343065,0.0037782126766035644,49563.02383819317,34,43,0,36,0.008668484527052513,0.012953288697356255,0.0026286576053973962,49696.5667003226,25,7,0,0,0,0.00934614239343065,0.0037782126766035644,0.01688317923248106,-0.01146804859401196,0.01688317923248106,0.10413299066272841,0.0764005568302152,0.10491617919779639,0.07507630204302292,0.10413299066272841,0.0764005568302152
49743.117773027145,29,10,0,3,8.819709076433659e-4,0.0063231548730121965,0.0023507798230925875,49634.222953795375,31,15,0,8,0.0016847173599876134,0.006349187414485443,0.002076782644807095,49776.98260883832,29,10,0,3,8.819709076433659e-4,0.0063231548730121965,0.0023507798230925875,0.01737291257332063,0.013483634776528364,0.01737291257332063,0.07166231654933108,0.0623187521086682,0.07199137860237137,0.06139098866359332,0.07166231654933108,0.0623187521086682
49745.2977256249,27,7,0,0,0,0.0060162597615188275,0.0026319650042829768,49657.003895025264,34,40,0,33,0.007377778069912444,0.00980819416555052,0.002003016783283519,49770.69635248328,27,7,0,0,0,0.0060162597615188275,0.0026319650042829768,0.021198603099249702,-0.001305181054441329,0.021198603099249702,0.038854160702975093,0.02778439755267702,0.02901536841401775,0.02126363919252869,0.038854160702975093,0.02778439755267702
49823.29533766764,25,8,0,1,7.436862441778015e-5,0.008600841350375733,0.003462539135947322,49687.025057595645,36,51,0,44,0.013390347445935822,0.01626492843575892,0.002827066872830488,49849.58354646501,24,7,0,0,0,0.00933082623529156,0.003762505920625673,0.029454314133853465,-0.010222051741220817,0.03145150162756516,0.044771382877204946,0.032926775754343815,0.06176174395826495,0.044542772692255296,0.0424572803469383,0.031418155932630656
50175.37321912921,26,9,0,2,2.9373993224877167e-4,0.009313894612329015,0.003561747317948703,50059.107377985056,30,19,0,12,0.0023166662953474472,0.008929913717930466,0.0027795307646056124,50201.38558449355,24,7,0,0,0,0.010511017714885015,0.004127831751333634,0.03944161795797663,0.030066222768148743,0.0434613579436518,0.13086373385247496,0.09394868601405744,0.12502272782838564,0.08973650369167868,0.1343437513347615,0.09645853869478258
49676.56576368414,25,7,0,0,0,0.009033382593256428,0.0036023739542032983,49567.09111594535,33,37,0,30,0.006716164771137468,0.011024494153615581,0.0023979912812056854,49701.964390542526,25,7,0,0,0,0.009033382593256428,0.0036023739542032983,0.01633936228733046,-0.00733169945006007,0.01633936228733046,0.06366638113260958,0.0577551754451192,0.05365591338348763,0.05359381768319201,0.06366638113260958,0.0577551754451192
49677.662227331224,26,9,0,2,2.629083156691627e-4,0.007820647775878731,0.003246293478510326,49540.670109065904,35,47,0,40,0.01255156841274528,0.016080077784857535,0.0028275247813189354,49703.23580090263,24,7,0,0,0,0.009049701488037399,0.003786226573383488,0.011463932073135119,-0.023481685394434848,0.015454607616041116,0.16690125471382444,0.13305941525930523,0.15355343025111823,0.12472110617122988,0.17025359915246074,0.1351096363391402
49670.213865530655,26,9,0,2,2.54221293800174e-4,0.008252263213051282,0.003267022394138249,49548.41737069358,31,21,0,14,0.0029148447419627154,0.008001435152935044,0.0024201695259637775,49696.56598554593,24,7,0,0,0,0.009523580406788282,0.003831141159963798,0.013591129185823947,0.0016164647085636918,0.017661902149548547,0.10634172022409027,0.08164696014714834,0.10704363578958564,0.0797027375178068,0.10581845666353551,0.08266089552315664
49887.02570589669,28,9,0,2,4.850379942742059e-4,0.007008462132935292,0.002758829156751413,49787.482603663295,30,16,0,9,0.0015135570258732803,0.006932928515908266,0.002416098671798284,49918.06847205693,28,9,0,2,4.850379942742059e-4,0.007008462132935292,0.002758829156751413,0.022122404955213115,0.01762839351432932,0.022122404955213115,0.051472129678630685,0.045229590074426985,0.04828257256258406,0.04293281616805554,0.051472129678630685,0.045229590074426985
49318.08119311672,26,7,0,0,0,0.004343680065431333,0.0017899300983867342,49213.32179301631,39,76,0,69,0.02154061730220164,0.024191127846476115,0.0033879082089673853,49343.4798199751,26,7,0,0,0,0.004343680065431333,0.0017899300983867342,0.0020390534827798845,-0.05524349471970291,0.0020390534827798845,0.01592184987260603,0.012076223353107887,0.023728251622281427,0.02062315111379969,0.01592184987260603,0.012076223353107887
50083.97595052435,28,8,0,1,9.892679522357829e-5,0.00846647008933324,0.003388799655195968,49992.86325254195,30,12,0,5,5.432901388929964e-4,0.007886937124153805,0.0030124505450292503,50111.58674367972,26,7,0,0,0,0.00956091039507223,0.0038441209264725236,0.03271789289690341,0.02951024838883476,0.03569008442193922,0.10470265406504575,0.0750496811553956,0.1022645736774499,0.07332959349610194,0.10748754701863372,0.07703002119873593
49528.755139976085,26,7,0,0,0,0.006459426850426721,0.0026606590652316314,49421.46429541307,33,30,0,23,0.005089339699919605,0.007850528216359622,0.0018504475941828076,49554.15376683447,26,7,0,0,0,0.006459426850426721,0.0026606590652316314,0.010476724577712426,-0.008523335956788447,0.010476724577712426,0.09129774071106256,0.06700930614166502,0.09266797575572527,0.06622108096400733,0.09129774071106256,0.06700930614166502
49740.1740129227,25,9,0,2,3.6098132213388214e-4,0.009797415546799337,0.003726162193629506,49592.11350360277,32,26,0,19,0.005460343689910345,0.010457216894436207,0.002723521670084001,49771.21677908294,25,9,0,2,3.6098132213388214e-4,0.009797415546799337,0.003726162193629506,0.019706202003659135,-1.9635416691210494e-4,0.019706202003659135,0.07301377100576933,0.05179465566227977,0.06081336613758681,0.04311465799569302,0.07301377100576933,0.05179465566227977
49999.48124485149,26,7,0,0,0,0.009197766275580782,0.0037107251214060326,49904.48404029581,31,20,0,13,0.002276080594917422,0.008694497259264404,0.0027705059383346304,50024.879871709876,26,7,0,0,0,0.009197766275580782,0.0037107251214060326,0.032326388229318326,0.02150185017998063,0.032326388229318326,0.04405495261893777,0.031798432135202954,0.035142559623783653,0.025681361979955054,0.04405495261893777,0.031798432135202954
49801.0705015176,25,7,0,0,0,0.007687529546096766,0.0030611066567081914,49682.56561119691,32,23,0,16,0.003730982836105844,0.007051169969386395,0.0018483775852159716,49826.46912837598,25,7,0,0,0,0.007687529546096766,0.0030611066567081914,0.026437017519384876,0.00949039751400682,0.026437017519384876,0.04051954804735669,0.03170466710771275,0.04489850914283855,0.03896020668858028,0.04051954804735669,0.03170466710771275
49544.59247805019,26,8,0,1,4.440105289367275e-4,0.007968161383469927,0.003151085041771774,49425.5676549434,35,52,0,45,0.012873858900499026,0.015686196502051726,0.0027792079164597433,49572.8131745595,26,8,0,1,4.440105289367275e-4,0.007968161383469927,0.003151085041771774,0.010038833372749467,-0.025388160654668868,0.010038833372749467,0.05703814487774306,0.04198962310993844,0.06117205023442518,0.0434131350695042,0.05703814487774306,0.04198962310993844
49863.52230328448,27,8,0,1,2.1019834412920108e-4,0.008300121217008561,0.0033957611866587013,49757.46215460883,33,35,0,28,0.007292921631695769,0.012247693352063958,0.002763103323168186,49891.742999793794,27,8,0,1,2.1019834412920108e-4,0.008300121217008561,0.0033957611866587013,0.021836083828502995,8.853763131717596e-4,0.021836083828502995,0.07976996674371273,0.07099316805543382,0.07957652030095774,0.06713032003938603,0.07976996674371273,0.07099316805543382
49636.10337955105,25,8,0,1,4.98943819232788e-5,0.008555022415390376,0.0036374806734423364,49502.4980071251,32,26,0,19,0.005273458859347324,0.010584646325452978,0.002666924731670736,49661.87766611632,24,7,0,0,0,0.009297285930270734,0.003919539243596013,0.015425941612760674,-0.004445362437168532,0.017376914344486405,0.011373942175658236,0.00890363156714824,0.0077259237294982075,0.0070856855724351995,0.0121056327705088,0.010075858984091603
49675.159664774765,27,9,0,2,6.3681552643325e-4,0.006423505634622906,0.0028414449896533656,49564.43080493499,30,15,0,8,0.0020048056552053103,0.0064468502089138745,0.002426506589769335,49706.20243093501,27,9,0,2,6.3681552643325e-4,0.006423505634622906,0.0028414449896533656,0.013547158795238934,0.006938557309489557,0.013547158795238934,0.07671740717680609,0.05659925726898634,0.07709309764392847,0.055990893127436145,0.07671740717680609,0.05659925726898634
49884.02888660824,27,9,0,2,6.71696649623711e-4,0.008159847380727612,0.0033032712741457066,49777.14760707859,30,15,0,8,0.0017211663824378313,0.0075570198947290095,0.0028192914884360796,49915.071652768485,27,9,0,2,6.71696649623711e-4,0.008159847380727612,0.0033032712741457066,0.02368419317913406,0.01783754175188812,0.02368419317913406,0.07231839746162616,0.05593471203729155,0.07675727464288151,0.05882409046155088,0.07231839746162616,0.05593471203729155
49711.21302335206,25,8,0,1,1.0620425792818651e-4,0.008176261221708928,0.003402507287103498,49584.60109911283,31,19,0,12,0.002991239684648787,0.008029461322973733,0.0024015461969795517,49737.61278798193,24,7,0,0,0,0.00886026832750757,0.0036890998692927926,0.02096459053706834,0.006867643601788931,0.02302557914821257,0.11067747350110757,0.08282066974877654,0.11165031266579672,0.0867688926666598,0.11067791105096092,0.0822690875738177
49556.9728815881,25,11,0,4,0.0011189718642529236,0.008029847935953653,0.003450900398508394,49393.51158927576,33,39,0,32,0.010290292852006971,0.013530347938981467,0.00319073887582615,49593.65978705021,25,11,0,4,0.0011189718642529236,0.008029847935953653,0.003450900398508394,0.008903693280223557,-0.01967154030291085,0.008903693280223557,0.09816636135030798,0.09026395485497135,0.10198389689610254,0.09759656218836614,0.09816636135030798,0.09026395485497135
49707.21717744238,29,10,0,3,9.305172688650503e-4,0.007643363611027304,0.002830191496003215,49602.68423103253,29,10,0,3,9.305172688650503e-4,0.007643363611027304,0.002830191496003215,49738.39715449377,26,8,0,1,2.6564192315676175e-4,0.008809365311682537,0.0034616046014167632,0.009974608528003692,0.009974608528003692,0.015518907588083053,0.022027779290105687,0.01730963227027218,0.022027779290105687,0.01730963227027218,0.016939808534586875,0.014481035639887589
50012.03982691182,26,7,0,0,0,0.00810073665883067,0.003324627471713486,49906.9717539554,32,21,0,14,0.0030529130192091646,0.008180998533686252,0.0023128317326366167,50037.438453770206,26,7,0,0,0,0.00810073665883067,0.003324627471713486,0.03432189299880206,0.02072761309817661,0.03432189299880206,0.09795564528474632,0.08283288686951998,0.08933409273229509,0.07822518395192271,0.09795564528474632,0.08283288686951998
49507.115305748586,25,7,0,0,0,0.007134014183960623,0.0027749140765571463,49380.79357024692,34,43,0,36,0.009773411707398236,0.011526482554748228,0.002086009428679836,49532.51393260697,25,7,0,0,0,0.007134014183960623,0.0027749140765571463,0.012291625147086371,-0.01901203868218193,0.012291625147086371,0.04526749142717712,0.032011379904627324,0.04089075733995795,0.030740255765980152,0.04526749142717712,0.032011379904627324
49819.86063328821,27,7,0,0,0,0.006849563969180603,0.0027894297727674546,49729.34722962082,30,13,0,6,9.338425858833224e-4,0.0060143131572215555,0.002169538017131587,49845.259260146595,27,7,0,0,0,0.006849563969180603,0.0027894297727674546,0.023468820379617172,0.017767556299239207,0.023468820379617172,0.14791187628927738,0.11568366135923494,0.1446471785348612,0.11381615330199671,0.14791187628927738,0.11568366135923494
49725.484946890916,25,8,0,1,2.2298278317142378e-4,0.009808276665251733,0.0038222897680202255,49589.840219637685,34,33,0,26,0.0077366347806612605,0.012335388394881205,0.002727738343123575,49753.70564340023,25,8,0,1,2.2298278317142378e-4,0.009808276665251733,0.0038222897680202255,0.018135828847697155,-0.008090186306397573,0.018135828847697155,0.10376823754634956,0.08571756252929803,0.09346289142340325,0.07901746542742959,0.10376823754634956,0.08571756252929803
49544.790473352165,25,7,0,0,0,0.00730521494206349,0.0031687666154954826,49440.42352881668,31,22,0,15,0.0025835022254112362,0.0062681334632029625,0.002087687895926259,49570.18910021055,25,7,0,0,0,0.00730521494206349,0.0031687666154954826,0.010444002491068582,-0.0028121243891776615,0.010444002491068582,0.07059885951780498,0.0557098806366652,0.062026809563219154,0.05099624274973181,0.07059885951780498,0.0557098806366652
49795.99015722406,27,10,0,3,5.615515800465737e-4,0.006857458322861696,0.0025846680297613024,49666.50101267631,32,24,0,17,0.004240115783888975,0.007667950211286523,0.001993002138057884,49822.981110311215,24,7,0,0,0,0.008548266693442986,0.0034228174704343615,0.019231835867130842,0.0057192090581215105,0.02547308384633573,0.06455211859602727,0.0509938728911731,0.05526820826980938,0.046004006861867404,0.07144986594753377,0.05481739630132951
49290.55585800501,28,10,0,3,9.764252226697332e-4,0.007376767513574105,0.0028619210765613036,49176.010566234196,31,17,0,10,0.0024800915329775066,0.007323428916049227,0.0024709032268445817,49324.42069381619,28,10,0,3,9.764252226697332e-4,0.007376767513574105,0.0028619210765613036,-0.011691284441696315,-0.01825270067643059,-0.011691284441696315,0.08027155254722784,0.056826127652626346,0.08044879473333011,0.056885934936163174,0.08027155254722784,0.056826127652626346
49792.012250711334,27,8,0,1,1.1856734551202602e-4,0.00799828469425794,0.0031008694387622813,49691.74564091893,33,34,0,27,0.005596586782641705,0.010193140316097927,0.0022998247588321584,49820.23294722065,27,8,0,1,1.1856734551202602e-4,0.00799828469425794,0.0031008694387622813,0.018562239931709135,5.567144930744838e-4,0.018562239931709135,0.07367401924622452,0.05222555755377346,0.061951732236895984,0.04397403959890962,0.07367401924622452,0.05222555755377346
49762.82079546576,25,7,0,0,0,0.008960619113329849,0.0035187023089061037,49647.171684911955,33,27,0,20,0.0046324906241882015,0.008923104799184565,0.00218379810508645,49788.219422324146,25,7,0,0,0,0.008960619113329849,0.0035187023089061037,0.023434514415488605,0.0038397048871894324,0.023434514415488605,0.06412885775212385,0.06347404613876909,0.07844510630721602,0.07203535407310564,0.06412885775212385,0.06347404613876909
49696.68527121217,25,8,0,1,1.3295431512309959e-4,0.009024574493132478,0.0038854612791507097,49580.7573232462,30,16,0,9,0.0019196035643194262,0.008436555944353507,0.0029831475710499584,49724.90596772148,25,8,0,1,1.3295431512309959e-4,0.009024574493132478,0.0038854612791507097,0.016655978244987324,0.006208367524978664,0.016655978244987324,0.12723133235969197,0.10370861062325577,0.11943955550991003,0.09952724647934942,0.12723133235969197,0.10370861062325577
49809.52602079488,25,8,0,1,4.311383169064827e-4,0.008939302482906244,0.0037841443393707326,49684.716884053705,32,29,0,22,0.005869006792685106,0.011330423712113648,0.002922749596049839,49837.746717304195,25,8,0,1,4.311383169064827e-4,0.008939302482906244,0.0037841443393707326,0.02392738686726248,0.003916494574141005,0.02392738686726248,0.08026894764695913,0.05986493096573874,0.06919143462221489,0.052209864927150955,0.08026894764695913,0.05986493096573874
49760.93188098138,26,8,0,1,2.4263103627944298e-4,0.008753712369661633,0.0033780461954654273,49647.112978838646,33,33,0,26,0.006257660099697248,0.010858690806334228,0.00245398398912998,49789.15257749069,26,8,0,1,2.4263103627944298e-4,0.008753712369661633,0.0033780461954654273,0.022792077314239156,0.0021973778586024117,0.022792077314239156,0.05771491633347392,0.052870272375960765,0.07040757791272478,0.06036879803364274,0.05771491633347392,0.052870272375960765
49785.10202077701,25,7,0,0,0,0.007844997182315764,0.0033585395311506927,49672.44385219558,35,45,0,38,0.010240575302598896,0.013111628995049246,0.0025351347806193344,49810.500647635396,25,7,0,0,0,0.007844997182315764,0.0033585395311506927,0.026672440178947543,-0.005483876362438522,0.026672440178947543,0.07623526369696487,0.05424091239779554,0.07400717305102766,0.052394814930042125,0.07623526369696487,0.05424091239779554
49809.08208565648,27,7,0,0,0,0.006479125062639655,0.002793736422749366,49723.32840003092,30,15,0,8,9.595036472076596e-4,0.005712518712701363,0.002203082850323188,49834.480712514865,27,7,0,0,0,0.006479125062639655,0.002793736422749366,0.023431594402161915,0.017729185058691144,0.023431594402161915,0.1457422737008831,0.11500334676524884,0.1455565293481258,0.11338351137196512,0.1457422737008831,0.11500334676524884
49699.999142452885,27,10,0,3,0.0011956368472545475,0.00886547523698316,0.0032501518464829143,49579.271844664734,39,80,0,73,0.02536430410820578,0.027349287698391418,0.00381052001280279,49733.86397826406,27,10,0,3,0.0011956368472545475,0.00886547523698316,0.0032501518464829143,0.011216638466799989,-0.04903535216074073,0.011216638466799989,0.0661576193118063,0.049411033086119875,0.06280244194851303,0.0448839169830252,0.0661576193118063,0.049411033086119875
49664.13279509236,27,10,0,3,6.274110867379412e-4,0.006046244305331805,0.0024370665030375425,49540.0681250795,33,34,0,27,0.006330033819777718,0.009223564050550203,0.0020265363440307434,49691.71621970258,24,7,0,0,0,0.007601717167725516,0.003225126187463599,0.019015035264738245,4.5596545713499914e-4,0.02540455200960068,0.08136225651341522,0.061511965067146394,0.08388920707127112,0.0667836056808321,0.08007836022201253,0.058845347533949925
49643.99860922412,25,7,0,0,0,0.007941100437801824,0.003263738638057265,49539.090383797986,29,11,0,4,7.908566341602173e-4,0.006151628851654448,0.0023298840832705306,49669.39723608251,25,7,0,0,0,0.007941100437801824,0.003263738638057265,0.014497019167073466,0.006985962533007095,0.014497019167073466,0.07289108744137307,0.05525030660092073,0.07311555013411719,0.053585125349159914,0.07289108744137307,0.05525030660092073
49920.656823064615,24,7,0,0,0,0.009435613909445086,0.003915333302115659,49802.47601095448,35,45,0,38,0.009796159413958611,0.013474152203900455,0.0026433624611093805,49946.055449923,24,7,0,0,0,0.009435613909445086,0.003915333302115659,0.032476193558093724,-5.060960086087363e-4,0.032476193558093724,0.07092179385488151,0.06660417313473553,0.060769256767601476,0.058157148585961056,0.07092179385488151,0.06660417313473553
49899.11741379823,27,7,0,0,0,0.008322201470813518,0.003244376173972074,49811.915573775776,34,43,0,36,0.007799480870141594,0.012310186261119132,0.002421914108487628,49924.516040656614,27,7,0,0,0,0.008322201470813518,0.003244376173972074,0.02756172078703356,0.004122050488004403,0.02756172078703356,0.09504633864780065,0.08298590268619609,0.087557779815707,0.07978006822354673,0.09504633864780065,0.08298590268619609
49354.835067773696,25,7,0,0,0,0.008428237806119322,0.0034941929652373455,49243.54319595924,34,41,0,34,0.008375902523006375,0.011720309043069114,0.0024504378531964954,49380.23369463208,25,7,0,0,0,0.008428237806119322,0.0034941929652373455,-0.002205449464477427,-0.030317641053591693,-0.002205449464477427,0.06296352441210162,0.04742672598250336,0.06193883571961545,0.053087181593958,0.06296352441210162,0.04742672598250336
49554.914006587715,24,7,0,0,0,0.010811008732433812,0.004362472186441272,49432.37729308072,34,41,0,34,0.009404436011467086,0.014684132516837346,0.0030319000113948917,49580.3126334461,24,7,0,0,0,0.010811008732433812,0.004362472186441272,0.009927480350857554,-0.021532621166984844,0.009927480350857554,0.07108071410168215,0.06838255300194128,0.08078293979734208,0.07672179529960711,0.07108071410168215,0.06838255300194128
49643.26551631211,27,9,0,2,4.5684612374711207e-4,0.008393554236990428,0.0033402552910026754,49534.99158873,33,37,0,30,0.006869865500681871,0.011665753507311034,0.002705598655937767,49674.30828247235,27,9,0,2,4.5684612374711207e-4,0.008393554236990428,0.0033402552910026754,0.012693221855263337,-0.007002701514195797,0.012693221855263337,0.05631623823028109,0.04870852100204385,0.06476306875379334,0.053806315342273474,0.05631623823028109,0.04870852100204385
49635.78074703922,26,8,0,1,6.747628481189835e-4,0.007564360065698237,0.003184533689365992,49522.62214467091,33,34,0,27,0.007057000111251546,0.011142132547176178,0.002591963978134037,49664.001443548535,26,8,0,1,6.747628481189835e-4,0.007564360065698237,0.003184533689365992,0.012454902415100833,-0.008880627023767795,0.012454902415100833,0.037766629341582036,0.026755975165084225,0.036812014616682376,0.026653986120797026,0.037766629341582036,0.026755975165084225
49740.001352243,26,7,0,0,0,0.007318610681621598,0.0029945047286582247,49642.73749503406,34,36,0,29,0.006054597319840356,0.008989491434359627,0.0019779437566372687,49765.399979101385,26,7,0,0,0,0.007318610681621598,0.0029945047286582247,0.023830258655570313,0.0023363773779163655,0.023830258655570313,0.0713603316445266,0.06072706703192354,0.08330853291231155,0.06844195520375955,0.0713603316445266,0.06072706703192354
49842.80781413828,25,8,0,1,1.9821842608755928e-4,0.008798491701101065,0.003678065991201273,49722.866917724634,32,31,0,24,0.00566604344660414,0.010358066307155932,0.0027263462388634964,49871.02851064759,25,8,0,1,1.9821842608755928e-4,0.008798491701101065,0.003678065991201273,0.02516938918399081,0.005150153064113594,0.02516938918399081,0.05355157730151716,0.049842408409578355,0.05845212714147674,0.05580995893464031,0.05355157730151716,0.049842408409578355
49689.5532645119,27,9,0,2,7.752798945449106e-4,0.008970979087295355,0.0033709195670805466,49565.96023014322,36,45,0,38,0.011584630638410762,0.015123940620827883,0.002960996257442232,49720.596030672146,27,9,0,2,7.752798945449106e-4,0.008970979087295355,0.0033709195670805466,0.01378032902177817,-0.017644822239306412,0.01378032902177817,0.0757405131843375,0.06726927769618458,0.08588121935067394,0.07368961606793185,0.0757405131843375,0.06726927769618458
49836.04787057286,26,10,0,3,5.564528677469464e-4,0.008647876414874713,0.003388944773206202,49694.22543509366,34,42,0,35,0.010185466433954817,0.013915819269425277,0.002818000494239022,49866.0133487731,24,8,0,1,1.3523582390965119e-4,0.00970302210822444,0.003918481772015823,0.019869524807378802,-0.008846374827603087,0.024156873972607462,0.15606475162133426,0.12176331990853251,0.14704125455102435,0.11700525972460574,0.1591958034787293,0.12355354864085885
49726.2084418097,25,7,0,0,0,0.009047708002860626,0.0035353436450602745,49607.74868311925,37,56,0,49,0.01478933455925286,0.01729060330523284,0.0027861225407456156,49751.60706866808,25,7,0,0,0,0.009047708002860626,0.0035353436450602745,0.015229653697522494,-0.028038186900128714,0.015229653697522494,0.08060617124673786,0.06080598152759132,0.0667855091291133,0.051457314066454846,0.08060617124673786,0.06080598152759132
49367.64869749579,26,8,0,1,1.742003943802048e-4,0.008646198649368973,0.0033246567356298292,49253.462133900466,34,36,0,29,0.0066345266060951575,0.010792091104646996,0.002355902977851852,49395.8693940051,26,8,0,1,1.742003943802048e-4,0.008646198649368973,0.0033246567356298292,-0.001494038864743974,-0.0241835419579568,-0.001494038864743974,0.039339838071503874,0.03613254964636231,0.04366936123286691,0.041793683647744086,0.039339838071503874,0.03613254964636231
49919.642386229774,27,11,0,4,0.0011109698933081016,0.008346265816025397,0.00315147219926107,49786.93963793179,34,49,0,42,0.01151136807020461,0.015061845321559453,0.002880114600450864,49950.7419782011,24,8,0,1,1.54624952565026e-4,0.009492290309642394,0.0038751556296703644,0.02263602841062906,-0.006062897597253425,0.029457725135620283,0.111439551538846,0.10505423872415771,0.11153749231700627,0.1009293786774421,0.11128600487796159,0.1075820676439369
50083.016182024185,25,8,0,1,1.4826891620133017e-4,0.009077868755015253,0.0037378618578206703,49966.125076665514,32,29,0,22,0.004725634574720726,0.010019003168885751,0.0026498264632380014,50111.2368785335,25,8,0,1,1.4826891620133017e-4,0.009077868755015253,0.0037378618578206703,0.03769440993959505,0.019587574969484267,0.03769440993959505,0.048366270087948915,0.04210181865055199,0.03844118973083166,0.03751299007408443,0.048366270087948915,0.04210181865055199
49922.5346503073,25,8,0,1,1.254069049835995e-4,0.009514792701876523,0.0038245646151805596,49795.00544793339,34,38,0,31,0.00816245379327458,0.012491056055306694,0.0027667984274282954,49948.8806131988,24,7,0,0,0,0.010165587701295256,0.004112302491660267,0.02876888963297608,0.00163959798809854,0.03082947928959001,0.08342122700144428,0.07010499278327272,0.08523035840559523,0.06647688637990067,0.08335181983368012,0.0709025009719421
49411.280931034584,25,8,0,1,1.6399378669214087e-4,0.0060992684331897876,0.002742584809157029,49276.92407446022,34,40,0,33,0.009215875952998553,0.011873165949457486,0.0023452850720291083,49439.5016275439,25,8,0,1,1.6399378669214087e-4,0.0060992684331897876,0.002742584809157029,0.003019233664897092,-0.026612982794117945,0.003019233664897092,0.13669886280465693,0.12445847086025942,0.12290197085052967,0.115723967158398,0.13669886280465693,0.12445847086025942
49371.51299969762,25,7,0,0,0,0.007538045119938868,0.003046672801648814,49254.357992177574,31,16,0,9,0.0020984512410146534,0.006095117565502025,0.0018643643683955388,49396.911626556,25,7,0,0,0,0.007538045119938868,0.003046672801648814,0.0018810318429502981,-0.010823754971958532,0.0018810318429502981,0.07216301419984672,0.0683337388662499,0.06681832465000881,0.06434332342692302,0.07216301419984672,0.0683337388662499
49796.03582882809,26,8,0,1,1.7682469868978207e-4,0.011348628958566687,0.004456352486500768,49686.038664162086,31,20,0,13,0.0029448837469173124,0.011347549790275961,0.0035834763536508473,49824.256525337405,26,8,0,1,1.7682469868978207e-4,0.011348628958566687,0.004456352486500768,0.02138857890925827,0.00955536589341599,0.02138857890925827,0.18823437687699007,0.1355521492769334,0.18823997481898158,0.13670850501634585,0.18823437687699007,0.1355521492769334
49812.47440119419,26,7,0,0,0,0.006731864178398653,0.0028710533219664393,49716.85664646132,29,10,0,3,4.82838633552568e-4,0.005555690123410515,0.002200590607213882,49837.87302805257,26,7,0,0,0,0.006731864178398653,0.0028710533219664393,0.025306770688963143,0.020160555756302934,0.025306770688963143,0.04541799350754727,0.03276844545680468,0.04374413418415979,0.031078448861255478,0.04541799350754727,0.03276844545680468
49550.785690064695,25,7,0,0,0,0.006865254737652453,0.002925133355897739,49433.75612988518,33,32,0,25,0.006259721909757,0.008749504345673741,0.001967985009658742,49576.18431692308,25,7,0,0,0,0.006865254737652453,0.002925133355897739,0.012775440252948078,-0.010011489437013132,0.012775440252948078,0.02230184717685768,0.02141783541574892,0.019586297654556994,0.015770921031921036,0.02230184717685768,0.02141783541574892
49605.40469851794,26,7,0,0,0,0.00742746388773394,0.003000645444519753,49501.840147174946,34,36,0,29,0.006442996347864578,0.009674777221570379,0.002076168930416648,49630.80332537632,26,7,0,0,0,0.00742746388773394,0.003000645444519753,0.014039296800908874,-0.008504066258718135,0.014039296800908874,0.08758472842879239,0.07831267466291608,0.07677982496058067,0.07295572255995011,0.08758472842879239,0.07831267466291608
49870.157996581685,27,8,0,1,5.326948933898266e-4,0.008468094341935841,0.003362030577351632,49773.12396538179,32,25,0,18,0.0036240781023087155,0.008919000866585074,0.0026517312600497435,49898.378693091,27,8,0,1,5.326948933898266e-4,0.008468094341935841,0.003362030577351632,0.025024127558807896,0.012981669325730305,0.025024127558807896,0.017389766345973223,0.013536166714719177,0.02447444523703779,0.01823153441487884,0.017389766345973223,0.013536166714719177
49839.46040696945,27,10,0,3,9.258010605143333e-4,0.007058813978781632,0.002708622491001701,49706.032046514825,34,38,0,31,0.009180807454633634,0.011794366912849508,0.0024627076926084157,49873.32524278062,27,10,0,3,9.258010605143333e-4,0.007058813978781632,0.002708622491001701,0.019723169843511856,-0.004746828818001925,0.019723169843511856,0.15349092465491365,0.12458150661805073,0.14440287072898972,0.11705740335543426,0.15349092465491365,0.12458150661805073
49492.365586370724,26,9,0,2,5.102435132677838e-4,0.009096186477402648,0.0036265423118150317,49378.96168267311,31,27,0,20,0.004242280361129319,0.010046745057538144,0.002888320746080237,49523.40835253097,26,9,0,2,5.102435132677838e-4,0.009096186477402648,0.0036265423118150317,2.7097040086832003e-4,-0.013619386307689663,2.7097040086832003e-4,0.03419958342015483,0.031026595137307624,0.035615205358821456,0.028536031674916515,0.03419958342015483,0.031026595137307624
49525.525961690444,25,7,0,0,0,0.00744548902720599,0.0030554409686727353,49411.230358630055,32,26,0,19,0.0040269155273408895,0.007488256334868675,0.0019107951657928086,49550.92458854883,25,7,0,0,0,0.00744548902720599,0.0030554409686727353,0.01142441369472813,-0.0061411183647352985,0.01142441369472813,0.13777855880403822,0.09981038275913066,0.14102398003674865,0.10065062919722584,0.13777855880403822,0.09981038275913066
49660.72387797413,24,7,0,0,0,0.007048977732462867,0.003382068442638019,49532.835136946946,31,20,0,13,0.0036459321737997187,0.007618227612734347,0.002426186672286773,49686.122504832514,24,7,0,0,0,0.007048977732462867,0.003382068442638019,0.01963454920386032,0.002503771741815264,0.01963454920386032,0.057500323596983316,0.04954948677459848,0.05428972631691498,0.04405429763508051,0.057500323596983316,0.04954948677459848
49642.57543242722,25,8,0,1,2.0331959615538258e-4,0.009860659252943304,0.003926837378427048,49524.38314325796,31,20,0,13,0.002901296645024902,0.009098483875419141,0.0028523626330125727,49670.796128936534,25,8,0,1,2.0331959615538258e-4,0.009860659252943304,0.003926837378427048,0.012726450034451497,-7.520632947968231e-4,0.012726450034451497,0.0998067174488827,0.07112864967530133,0.11173252776454057,0.07927625218028977,0.0998067174488827,0.07112864967530133
49618.58028334933,26,7,0,0,0,0.007917874278567083,0.0031166799509714663,49520.22680093446,32,24,0,17,0.0029230423260438302,0.007344533855081138,0.0020213225442177653,49643.97891020771,26,7,0,0,0,0.007917874278567083,0.0031166799509714663,0.013710780893955388,2.3278458611275532e-4,0.013710780893955388,0.046742429555944875,0.03687301950916923,0.03969095035383796,0.03314110440075603,0.046742429555944875,0.03687301950916923
49580.976038652254,26,9,0,2,1.947923133412113e-4,0.007790592009602579,0.003016601580743422,49450.07148220757,32,27,0,20,0.0048194172639217684,0.00872463409358477,0.002193196352213369,49607.920239133746,24,7,0,0,0,0.009185847868248635,0.0036122872349117047,0.01170083376033082,-0.0054325663284573444,0.015720231144843222,0.03251921845201011,0.02559996102194962,0.025087690310171107,0.02056100666721193,0.03642862438379724,0.028272476203972153
50119.64055043249,26,7,0,0,0,0.009692403958609971,0.004014360491116325,50026.02613501462,31,21,0,14,0.0021561059321593156,0.009590216120613653,0.0030947471278182054,50145.03917729087,26,7,0,0,0,0.009692403958609971,0.004014360491116325,0.03978521368303167,0.02914060646212202,0.03978521368303167,0.1340430382045661,0.11161526446556033,0.13268904720251118,0.10837417418812711,0.1340430382045661,0.11161526446556033
49598.59383398067,26,7,0,0,0,0.0067261556188126,0.002838905366469097,49497.96232975724,33,34,0,27,0.006038294333363612,0.009095984872461937,0.001983376341065181,49623.99246083905,26,7,0,0,0,0.0067261556188126,0.002838905366469097,0.013552519381011319,-0.0070606981360696874,0.013552519381011319,0.07132446951810267,0.06247928478734041,0.07263882399267174,0.0688534102517391,0.07132446951810267,0.06247928478734041
49266.5535515938,26,8,0,1,1.3439479405108023e-4,0.007543535484731263,0.003079444973984203,49159.24317152667,30,16,0,9,0.0018027691104886092,0.006859990683042394,0.0023031199518505534,49294.77424810312,26,8,0,1,1.3439479405108023e-4,0.007543535484731263,0.003079444973984203,-0.006276171624481908,-0.015022406036617753,-0.006276171624481908,0.08152479730366369,0.05868220532537046,0.0886898242281341,0.06374871364160686,0.08152479730366369,0.05868220532537046
